ID_REF,GSM2107242,GSM2107243,GSM2107244,GSM2107245,GSM2107246,GSM2107247,GSM2107248,GSM2107249,GSM2107250,GSM2107251,GSM2107252,GSM2107253,GSM2107254,GSM2107255,GSM2107256,GSM2107257
A2M,3005.36,3607.37,5770.82,7605.96,10089.03,5047.18,2802.44,4308.98,3889.78,3318.6,4124.7,853.97,1317.04,618.27,2607.28,2120.98
ABCB1,178.76,197.38,165.47,179.91,161.23,142.57,175.56,331.92,405.13,351.16,447.61,16.32,39.91,44.85,13.98,45.15
ABL1,41.38,63.08,39.48,34.42,61.04,38.0,25.67,35.09,61.73,46.8,27.99,95.34,87.45,163.49,88.25,176.06
ADA,4.81,15.07,9.2,5.73,6.58,20.69,5.69,21.7,18.25,20.41,25.1,269.19,18.3,5.3,40.8,18.7
ADORA2A,10.74,15.72,11.15,20.07,5.49,12.76,12.35,32.11,16.47,16.15,32.31,1.0,3.17,11.89,46.99,18.7
AICDA,1.0,1.0,1.0,1.0,3.32,1.22,1.11,1.0,1.0,1.0,1.0,5.27,2.16,6.59,1.6,18.7
AIRE,8.76,1.0,1.0,2.66,1.09,1.0,1.11,1.61,1.39,1.0,1.44,1.0,2.16,6.59,7.79,18.7
AKT3,70.04,54.65,45.34,66.18,62.12,52.42,51.21,112.46,97.66,59.99,159.21,84.81,52.88,539.18,224.41,419.17
ALCAM,75.97,125.37,101.99,119.46,152.52,142.57,100.06,88.65,193.5,171.1,97.2,53.2,70.16,110.76,9.85,18.7
AMBP,23614.83,34300.5,29678.73,25231.56,33541.77,26524.78,20673.23,11229.03,22114.73,18159.65,17020.48,16.32,3.17,5.3,9.85,18.7
AMICA1,59.17,77.36,71.71,83.6,69.75,117.32,65.64,254.55,177.97,106.39,278.9,116.42,212.79,44.85,181.09,194.76
ANP32B,183.7,201.92,203.57,201.42,209.15,237.04,171.12,189.83,285.78,228.57,268.8,211.24,189.02,150.31,125.39,138.65
ANXA1,78.93,82.55,122.5,74.38,62.12,134.63,53.43,231.49,299.54,131.08,499.52,190.17,15683.17,730.32,630.84,3897.6
APOE,19322.55,16736.73,20619.74,16270.71,17434.69,12040.99,17694.39,9198.84,13087.22,9018.51,7797.47,553.68,98.26,71.21,676.23,2438.9
APP,842.91,891.58,1096.28,823.33,986.73,780.07,846.16,851.18,1281.4,944.14,810.99,975.13,1228.44,993.96,1497.34,1821.76
ARG1,2289.81,3062.39,2466.6,1854.05,2829.41,2193.55,2317.25,1190.41,877.65,1597.14,1183.03,5.27,2.16,5.3,3.66,18.7
ARG2,1.0,8.59,1.0,1.02,1.09,1.0,1.11,1.0,1.39,2.95,1.44,5.27,5.33,361.22,2.06,18.7
ATF1,65.1,75.41,45.34,44.66,64.3,48.81,43.44,35.83,62.61,52.76,33.76,42.66,59.36,38.26,42.86,63.85
ATF2,85.85,135.75,107.85,118.43,99.15,120.93,120.04,105.02,132.27,109.8,156.33,105.88,106.9,90.99,108.88,138.65
ATG10,6.79,9.23,13.11,8.8,17.47,17.08,12.35,9.05,19.13,12.32,6.36,5.27,13.98,25.08,42.86,18.7
ATG12,1.0,1.0,1.0,2.66,1.09,2.66,1.0,1.0,4.94,1.25,1.44,5.27,7.5,6.59,5.73,18.7
ATG16L1,60.16,61.14,75.62,52.86,59.95,48.09,73.41,78.98,75.04,58.29,58.27,111.15,130.67,110.76,46.99,7.75
ATG5,65.1,72.81,69.76,50.81,78.46,74.78,61.2,53.69,76.81,74.47,51.06,53.2,63.68,84.39,42.86,101.25
ATG7,32.48,44.92,38.5,49.79,37.08,51.7,39.0,65.59,65.28,45.52,65.48,16.32,68.0,5.3,61.43,45.15
ATM,1.0,1.0,1.0,1.02,1.0,1.22,1.25,1.0,5.82,1.0,1.0,5.27,5.33,6.59,5.73,18.7
AXL,158.0,150.02,156.68,103.06,149.25,193.05,177.78,156.35,156.23,144.28,175.07,116.42,115.54,196.44,131.57,868.0
BAGE,3.82,2.75,1.0,5.73,2.23,1.94,1.0,4.59,4.94,1.0,3.48,1.0,2.16,11.89,3.66,18.7
BATF,1.85,3.4,2.36,2.66,6.58,14.2,1.0,12.77,14.25,2.1,17.89,26.86,24.78,18.48,3.66,18.7
BAX,50.27,66.33,38.5,66.18,53.41,79.82,67.86,104.27,118.07,92.77,89.99,126.95,176.05,143.71,61.43,82.55
BCL10,111.55,103.96,117.62,90.77,119.84,128.86,97.84,147.42,116.74,104.69,137.58,411.44,554.22,163.49,141.89,437.87
BCL2,23.59,15.72,24.83,25.2,14.21,31.51,22.34,99.81,69.27,37.43,94.32,63.73,35.59,407.36,75.87,250.86
BCL2L1,280.55,255.77,190.87,241.38,232.02,176.46,292.14,222.56,347.01,257.94,258.71,374.56,411.6,203.03,212.03,194.76
BCL6,125.39,98.12,183.06,136.88,193.9,104.34,125.6,119.9,145.14,145.98,71.25,63.73,130.67,163.49,242.98,737.09
BID,2.83,2.75,10.18,3.68,2.23,7.71,1.0,5.33,8.93,19.55,1.44,1.0,1.01,6.59,13.98,18.7
BIRC5,25.57,16.37,12.13,13.93,17.47,5.55,7.91,11.28,19.58,16.15,22.22,74.27,163.09,11.89,18.1,26.45
BLK,8.76,1.45,5.29,1.63,1.14,11.31,2.36,14.26,12.48,6.36,19.34,11.05,7.5,18.48,2.06,7.75
BLNK,34.46,41.02,18.97,49.79,45.79,45.21,26.78,41.04,55.96,39.99,23.66,11.05,37.75,5.3,11.91,18.7
BMI1,57.19,78.01,60.97,50.81,68.66,81.99,57.87,67.82,96.78,80.43,105.86,69.0,24.78,44.85,61.43,119.95
BST1,7.78,13.78,20.92,19.05,7.67,13.48,3.47,14.26,34.66,16.15,17.89,16.32,16.14,6.59,22.23,18.7
BST2,217.3,240.2,244.59,137.9,244.0,352.42,239.95,258.27,357.22,492.92,359.65,16.32,33.43,58.03,90.31,45.15
BTK,15.68,18.97,14.08,21.1,13.12,30.06,19.01,35.09,26.23,18.7,36.64,5.78,16.14,5.3,11.91,26.45
BTLA,11.73,15.72,5.29,15.98,1.09,22.85,12.35,41.78,29.34,20.41,62.6,5.27,7.5,6.59,24.29,45.15
C1QA,407.06,331.03,336.4,243.43,444.38,604.83,440.91,386.97,394.49,427.79,374.07,153.29,39.91,44.85,238.86,475.28
C1QB,872.56,652.82,782.76,438.1,1035.74,1295.7,1052.67,850.44,914.48,973.09,962.4,279.73,100.42,44.85,321.38,1036.31
C1QBP,305.26,425.75,315.89,284.41,323.5,323.58,293.25,180.9,281.35,314.13,222.66,311.34,450.49,110.76,346.14,45.15
C1R,6901.32,6230.39,6479.91,5984.07,8386.84,6283.97,6170.98,3514.46,5346.82,4635.25,3710.85,248.12,260.33,196.44,533.88,2663.32
C1S,3692.24,3893.48,3773.44,3516.92,4387.84,4191.16,3410.86,1962.62,3772.2,2908.67,2826.9,184.9,128.51,123.94,201.72,905.4
C2,909.13,820.21,1051.35,1092.79,1304.73,1044.74,900.56,616.84,761.85,894.76,495.2,21.59,35.59,51.44,38.74,194.76
C3,4722.07,5640.64,5210.18,5239.21,7168.19,7597.2,4798.69,2919.31,7252.85,6950.11,4472.22,1.0,5.33,6.59,55.24,7.75
C3AR1,16.67,18.97,17.99,12.9,17.47,30.06,24.56,43.27,47.09,32.75,25.1,5.27,16.14,6.59,34.61,7.75
C4B,9015.34,9032.47,14570.98,12313.83,10529.01,10209.25,9519.53,8274.13,4651.57,4893.21,2423.15,321.88,364.06,196.44,1243.58,699.69
C4BPA,2180.11,2243.63,2448.05,2511.82,3207.31,2398.36,1953.09,1267.78,1778.32,1495.4,984.03,1.0,20.46,6.59,2.06,18.7
C5,1261.96,1241.92,1267.2,1437.05,1847.08,1258.2,1298.03,720.99,837.72,1056.95,525.48,63.73,20.46,58.03,7.79,18.7
C6,3838.51,2666.64,3609.35,2973.9,4054.59,2456.05,3528.55,1461.21,1616.82,2579.19,751.87,32.12,20.46,18.48,775.26,213.46
C7,351.71,235.66,335.42,246.5,163.41,268.77,435.36,1040.14,1219.28,514.63,2323.65,158.56,20.46,282.13,969.19,643.59
C8A,954.59,908.44,1079.68,1379.67,1440.87,1254.6,1046.0,385.48,820.42,980.32,423.1,5.27,2.16,6.59,2.06,18.7
C8B,1004.0,1340.53,1959.69,1905.27,2156.37,1235.84,1037.12,657.76,1012.08,1550.74,413.0,5.27,2.16,6.59,2.06,18.7
C8G,714.43,877.95,883.36,792.6,999.8,974.78,755.11,464.34,531.14,609.98,819.65,58.47,7.5,5.3,1.6,18.7
C9,5074.9,3342.67,4230.54,5375.48,6984.14,5021.94,4581.08,1527.42,2160.77,3042.76,1305.6,5.27,2.16,5.3,7.79,18.7
CAMP,1.0,1.0,1.0,1.02,1.09,1.0,1.11,1.0,1.0,1.0,1.44,5.27,2.16,6.59,3.66,101.25
CARD11,1.0,11.83,16.04,15.98,1.09,17.08,1.11,51.46,26.68,14.87,39.52,42.66,83.13,6.59,20.17,63.85
CARD9,12.72,20.26,8.22,19.05,14.21,19.97,10.13,29.88,23.57,17.43,15.01,32.12,22.62,5.3,7.79,18.7
CASP1,48.3,46.86,34.6,47.74,39.25,87.04,42.33,79.72,106.09,79.58,131.81,79.54,48.55,6.59,18.1,7.75
CASP10,1.0,1.0,1.0,1.02,1.09,7.71,1.11,1.0,1.0,1.68,1.44,5.27,2.16,6.59,2.06,18.7
CASP3,45.33,50.11,52.18,44.66,58.86,43.05,42.33,56.66,55.96,54.46,40.97,105.88,74.49,25.08,34.61,7.75
CASP8,54.23,80.6,84.41,101.02,86.08,84.87,70.08,174.2,142.03,87.24,185.17,148.03,197.66,58.03,73.81,119.95
CCL1,1.0,1.0,4.32,1.02,1.09,1.0,1.11,1.0,1.0,1.0,1.44,11.05,2.16,6.59,2.06,18.7
CCL11,1.0,1.0,1.0,1.02,1.09,1.0,1.11,1.0,1.83,1.68,6.36,100.61,117.7,11.89,38.74,7.75
CCL13,1.0,1.0,1.0,1.02,1.09,1.0,1.11,1.0,1.83,3.38,1.44,5.27,39.91,6.59,127.45,26.45
CCL14,481.18,514.63,709.5,447.32,526.06,514.68,440.91,283.56,193.06,263.05,314.95,37.39,42.07,31.67,86.19,1017.61
CCL15,89.81,96.82,69.76,99.99,106.78,67.56,98.95,62.61,114.52,89.37,49.62,1.0,2.16,6.59,2.06,18.7
CCL16,405.08,568.48,439.93,626.62,678.53,424.54,420.93,445.74,526.7,489.94,215.45,1.0,2.16,5.3,1.6,7.75
CCL17,3.82,9.23,6.27,1.63,8.76,13.48,1.0,1.0,6.27,4.23,1.44,1.0,9.66,6.59,5.73,18.7
CCL18,1.0,33.24,16.04,13.93,10.94,37.28,11.24,64.85,86.13,52.76,215.45,1.0,16.14,6.59,820.65,101.25
CCL19,170.85,219.44,196.73,410.43,12.03,571.66,425.37,3188.61,1379.45,1105.47,3595.49,153.29,31.27,6.59,643.22,905.4
CCL2,34.46,15.72,20.92,44.66,5.49,34.39,29.0,102.04,210.36,117.46,258.71,69.0,160.92,255.76,224.41,306.96
CCL20,1.0,10.53,1.0,1.0,4.41,6.99,1.11,15.75,26.68,24.66,42.41,84.81,61.52,6.59,2.06,18.7
CCL21,54.23,83.2,86.36,142.0,25.1,296.89,120.04,1013.36,303.09,297.53,1951.61,63.73,61.52,11.89,278.05,63.85
CCL22,2.83,1.0,1.0,6.76,1.09,1.0,1.11,11.28,1.39,1.25,12.13,5.27,20.46,6.59,1.6,18.7
CCL23,11.73,5.34,13.11,7.78,9.85,12.04,6.8,7.56,1.39,8.49,1.44,5.27,2.16,6.59,2.06,18.7
CCL24,1.0,1.0,1.0,1.02,1.09,1.0,1.11,1.0,1.0,1.0,1.44,11.05,11.82,6.59,2.06,18.7
CCL25,1.0,1.0,1.0,1.02,1.09,1.22,1.11,1.0,1.0,2.95,1.44,37.39,3.17,18.48,2.06,18.7
CCL26,1.0,1.0,1.0,1.02,1.09,1.0,1.11,1.0,1.0,1.0,6.36,5.27,7.5,6.59,1.6,18.7
CCL27,1.0,1.0,1.0,1.02,1.09,1.0,1.11,1.0,1.0,1.0,1.44,5.27,2.16,6.59,2.06,18.7
CCL28,1.0,2.1,1.0,1.02,1.09,1.0,1.11,1.0,6.71,1.0,1.44,16.32,48.55,6.59,2.06,18.7
CCL3,11.73,18.97,17.01,15.98,13.12,18.53,21.23,32.11,23.13,25.51,32.31,5.27,16.14,11.89,7.79,45.15
CCL3L1,1.85,9.23,4.32,2.66,2.23,9.15,1.11,18.72,25.35,28.49,17.89,5.27,3.17,5.3,2.06,26.45
CCL4,1.0,1.45,8.22,1.0,4.41,13.48,1.25,12.03,10.7,16.58,9.24,5.27,7.5,6.59,7.79,63.85
CCL5,52.25,94.22,72.69,115.36,47.97,180.07,46.77,256.78,145.14,79.15,250.06,153.29,137.15,11.89,67.62,45.15
CCL7,1.0,1.0,1.0,1.02,4.41,1.0,1.11,1.0,1.83,1.0,1.44,5.27,1.01,6.59,2.06,7.75
CCL8,4.81,2.75,4.32,4.71,3.32,4.82,1.11,6.82,5.38,3.8,3.48,1.0,2.16,5.3,1.6,18.7
CCND3,45.33,33.89,50.22,38.52,26.19,65.4,41.22,142.21,84.35,68.51,74.13,148.03,160.92,38.26,133.64,82.55
CCR1,16.67,22.21,9.2,17.0,18.56,26.46,21.23,21.7,37.32,29.35,35.2,16.32,26.94,11.89,3.66,26.45
CCR2,18.65,11.83,12.13,36.47,9.85,66.12,23.45,73.77,48.42,45.1,144.79,5.27,9.66,6.59,13.98,18.7
CCR3,1.0,2.75,1.39,1.02,1.09,1.0,1.11,1.0,1.83,1.68,1.44,1.0,7.5,6.59,1.6,7.75
CCR4,1.0,1.0,1.0,1.02,1.09,1.0,1.11,1.0,2.27,1.0,6.36,5.27,1.01,6.59,2.06,7.75
CCR5,8.76,17.67,12.13,3.68,2.23,39.44,1.25,38.06,35.11,22.96,35.2,5.27,18.3,5.3,16.04,7.75
CCR6,13.71,4.04,5.29,6.76,5.49,5.55,12.35,25.42,14.25,10.62,27.99,5.27,16.14,5.3,5.73,26.45
CCR7,1.0,3.4,2.36,6.76,1.09,13.48,6.8,33.6,11.59,8.06,43.85,1.0,7.5,6.59,20.17,18.7
CCR9,1.0,1.0,1.0,1.02,1.09,1.0,1.11,1.0,1.0,1.0,1.44,5.27,1.01,6.59,2.06,18.7
CCRL2,20.62,18.32,21.9,17.0,21.83,27.9,15.68,21.7,24.46,24.66,30.87,21.59,26.94,6.59,11.91,45.15
CD14,692.68,578.21,1023.03,728.05,835.35,708.68,795.08,806.55,753.42,971.38,861.46,69.0,63.68,31.67,179.03,643.59
CD160,4.81,11.83,3.34,5.73,6.58,14.2,5.69,28.39,7.6,10.62,10.69,5.27,2.16,6.59,1.6,18.7
CD163,447.58,362.82,403.79,193.23,520.62,557.95,460.9,346.05,373.63,337.54,528.36,74.27,46.39,51.44,207.91,381.77
CD164,461.42,474.41,401.84,411.46,502.1,517.57,425.37,342.33,597.69,676.39,524.04,511.53,431.05,288.72,304.87,194.76
CD180,12.72,15.07,7.25,13.93,14.21,30.79,9.02,46.25,29.78,24.66,38.08,5.78,3.17,6.59,9.85,18.7
CD19,10.74,16.37,6.27,25.2,5.49,21.41,7.91,89.4,22.24,8.06,64.04,16.32,11.82,6.59,18.1,26.45
CD1A,1.0,1.0,1.0,2.66,1.09,1.0,1.11,6.82,1.0,1.68,1.44,5.27,11.82,6.59,2.06,7.75
CD1B,1.0,1.0,1.0,1.02,1.09,1.0,1.11,1.0,1.0,1.0,2.03,5.27,2.16,6.59,2.06,18.7
CD1C,1.0,9.23,1.39,12.9,3.32,19.97,1.11,20.21,24.01,13.17,36.64,1.0,2.16,11.89,11.91,18.7
CD1D,62.13,55.3,72.69,83.6,73.02,74.06,57.87,75.26,49.3,67.23,48.18,1.0,18.3,6.59,36.67,18.7
CD1E,1.0,1.0,1.0,1.02,1.09,1.0,1.11,9.8,1.0,4.23,10.69,1.0,2.16,6.59,2.06,18.7
CD2,1.0,4.04,3.34,4.71,1.09,11.31,1.11,25.42,18.69,5.08,33.76,5.27,2.16,6.59,2.06,7.75
CD200,1.0,1.0,1.0,1.02,1.09,4.82,1.11,9.8,13.81,3.38,20.78,5.27,2.16,38.26,28.42,18.7
CD207,1.0,1.0,1.0,1.02,1.09,1.94,1.11,1.0,4.49,1.0,1.44,5.27,7.5,6.59,2.06,18.7
CD209,17.66,1.45,17.99,1.0,20.74,30.79,16.79,13.51,11.59,14.87,17.89,5.27,1.01,6.59,57.3,18.7
CD22,13.71,15.07,12.13,40.57,9.85,28.62,14.57,171.23,51.52,8.49,113.07,26.86,26.94,5.3,57.3,45.15
CD24,23.59,39.73,29.71,56.96,5.49,51.7,32.33,295.46,431.75,252.4,130.37,7091.53,8595.19,2476.95,61.43,194.76
CD244,19.64,28.05,10.18,7.78,19.65,22.85,16.79,26.16,16.92,10.62,17.89,5.27,7.5,5.3,3.66,18.7
CD247,23.59,44.92,29.71,33.39,28.36,40.88,16.79,101.3,61.28,42.54,107.3,32.12,46.39,6.59,34.61,18.7
CD27,8.76,17.67,5.29,23.15,1.09,27.9,19.01,113.2,47.97,24.66,156.33,47.93,24.78,6.59,30.48,26.45
CD274,1.0,5.34,10.18,9.83,1.14,6.27,1.11,19.47,6.27,5.93,3.48,5.27,2.16,6.59,34.61,18.7
CD276,173.81,163.0,139.1,177.86,144.89,150.5,161.12,131.8,192.17,172.8,102.97,179.63,232.24,565.54,220.29,288.26
CD28,1.0,1.0,1.0,1.0,1.09,1.0,1.11,14.26,7.6,1.68,20.78,5.27,2.16,6.59,9.85,7.75
CD33,1.0,5.34,5.29,3.68,8.76,19.97,1.25,1.0,8.49,8.06,7.8,5.27,2.16,6.59,13.98,7.75
CD34,1.0,4.04,5.29,11.88,6.58,6.27,1.11,9.8,17.8,15.3,17.89,42.66,20.46,5.3,166.65,213.46
CD36,223.23,230.47,295.38,189.13,303.89,234.87,218.86,164.53,206.37,195.36,254.38,295.54,24.78,31.67,1938.84,2177.09
CD37,3.82,7.94,13.11,20.07,1.09,35.83,4.58,105.02,29.34,19.98,62.6,11.05,16.14,38.26,34.61,45.15
CD38,13.71,18.32,17.99,18.03,29.45,38.72,22.34,35.83,22.68,28.92,55.39,11.05,9.66,110.76,20.17,7.75
CD3D,12.72,20.91,30.69,37.49,5.49,55.31,27.89,106.51,83.02,39.14,199.59,26.86,26.94,6.59,55.24,7.75
CD3E,1.0,15.72,17.01,17.0,4.41,33.67,10.13,84.19,60.4,19.13,79.9,5.78,20.46,6.59,32.55,18.7
CD3EAP,1.85,11.18,6.27,2.66,5.49,12.04,6.8,9.8,5.38,2.95,10.69,5.27,13.98,5.3,30.48,82.55
CD3G,1.0,1.0,2.36,7.78,2.23,14.92,4.58,21.7,27.56,10.19,36.64,5.27,5.33,6.59,3.66,18.7
CD4,128.35,129.26,139.1,152.24,115.49,260.84,158.9,138.5,164.66,118.74,219.77,11.05,22.62,6.59,55.24,45.15
CD40,81.9,133.15,98.08,156.34,98.06,162.76,90.07,200.99,130.94,110.23,179.4,169.1,91.77,90.99,119.2,157.36
CD40LG,6.79,9.23,7.25,15.98,4.41,26.46,14.57,42.53,27.56,17.43,62.6,11.05,3.17,6.59,24.29,7.75
CD44,173.81,166.89,153.75,238.31,189.54,283.91,214.42,523.85,293.77,212.39,508.17,553.68,930.23,539.18,323.44,2401.5
CD46,447.58,560.7,525.88,487.28,583.78,526.94,458.67,410.03,690.42,478.02,575.95,558.95,573.67,816.0,412.15,550.08
CD47,136.26,212.3,164.5,220.89,208.06,259.39,181.11,317.04,350.56,262.19,352.44,316.61,310.03,756.68,255.36,568.78
CD48,31.5,48.16,28.74,50.81,16.38,99.3,55.65,137.01,70.6,54.89,192.38,5.27,35.59,6.59,55.24,82.55
CD5,12.72,20.26,9.2,19.05,12.03,29.34,21.23,64.85,35.99,21.26,113.07,21.59,29.11,6.59,28.42,45.15
CD53,94.75,125.37,92.22,119.46,87.17,247.86,112.27,340.84,281.35,186.85,469.24,111.15,83.13,6.59,135.7,18.7
CD55,8.76,5.99,10.18,7.78,9.85,6.99,12.35,6.82,12.48,3.38,16.45,5.78,1.01,44.85,59.37,7.75
CD58,15.68,54.65,50.22,26.22,51.23,62.52,41.22,76.01,94.56,53.18,94.32,58.47,96.1,18.48,141.89,250.86
CD59,361.6,524.37,397.93,563.09,411.71,524.06,422.04,659.99,990.34,1111.86,913.37,1712.68,1444.54,624.86,1474.65,1391.64
CD6,4.81,13.13,10.18,10.85,5.49,15.64,5.69,39.55,16.03,13.17,40.97,21.59,18.3,5.3,5.73,18.7
CD63,1585.14,1771.32,1645.19,2272.07,2230.43,1884.89,1473.45,2064.53,2655.47,2213.1,2825.46,4610.2,4281.89,3169.02,2891.99,6777.59
CD68,107.6,129.91,186.96,91.79,119.84,221.89,189.99,204.71,218.79,240.91,221.22,153.29,119.87,6.59,86.19,680.99
CD7,1.0,8.59,6.27,7.78,1.14,16.36,5.69,29.88,7.15,17.43,15.01,1.0,9.66,6.59,9.85,7.75
CD70,2.83,1.0,1.0,1.02,1.09,4.1,1.11,1.0,1.0,1.0,6.36,5.27,5.33,5.3,9.85,45.15
CD74,1854.95,1552.68,2026.11,2045.64,1273.15,3746.93,2205.12,7666.34,3040.14,3042.76,4534.23,2871.69,1913.47,750.09,3851.33,5094.48
CD79A,8.76,21.56,4.32,41.59,7.67,33.67,15.68,154.12,48.86,28.49,126.04,121.68,33.43,6.59,40.8,7.75
CD79B,11.73,24.16,25.8,38.52,19.65,42.32,40.11,139.98,36.44,22.11,115.95,53.2,33.43,5.3,88.25,18.7
CD80,1.0,1.0,1.0,1.63,1.0,6.27,1.0,9.8,4.94,4.66,9.24,5.27,2.16,5.3,3.66,18.7
CD81,3391.79,3268.71,3707.03,3370.4,4148.25,4471.69,3289.84,2852.36,4739.42,4149.54,4100.19,1033.09,1062.05,3716.08,2943.57,5861.23
CD83,19.64,42.97,26.78,54.91,20.74,50.98,15.68,133.29,83.91,60.85,108.74,42.66,42.07,71.21,84.12,475.28
CD84,36.44,37.13,46.32,26.22,30.54,88.48,60.09,127.34,100.33,65.53,152.0,32.12,16.14,6.59,51.11,138.65
CD86,6.79,4.69,5.29,1.02,5.49,25.74,4.58,13.51,24.9,14.45,30.87,5.27,1.01,6.59,9.85,26.45
CD8A,10.74,39.08,21.9,46.71,9.85,69.01,4.58,141.47,94.12,23.39,53.94,63.73,55.04,51.44,51.11,7.75
CD8B,1.0,4.04,1.0,7.78,5.49,12.04,1.11,29.88,18.69,6.78,7.8,1.0,16.14,6.59,18.1,18.7
CD9,147.13,94.87,120.55,121.51,117.67,80.55,130.04,142.96,267.15,128.53,154.88,532.6,1520.17,2378.09,267.74,1372.93
CD96,8.76,14.42,18.97,13.93,5.49,25.02,7.91,78.98,52.85,17.85,121.72,26.86,18.3,6.59,26.36,45.15
CD97,120.44,119.53,122.5,102.04,105.69,141.12,133.37,231.49,162.89,106.82,352.44,279.73,277.62,117.35,222.35,475.28
CD99,880.46,883.14,999.59,971.9,968.22,693.53,846.16,877.22,898.5,918.6,787.92,1101.57,1012.35,1639.89,1763.48,3392.67
CDH1,437.7,595.73,484.86,423.75,643.68,577.43,425.37,347.54,726.36,610.83,389.93,1638.93,1142.0,1850.8,3.66,63.85
CDH5,27.54,33.24,41.43,22.12,37.08,46.65,30.11,56.66,53.74,65.1,51.06,5.78,44.23,25.08,183.15,7.75
CDK1,1.0,1.0,1.0,1.02,8.76,4.1,1.11,2.36,12.03,6.36,3.48,69.0,57.2,6.59,9.85,7.75
CDKN1A,65.1,67.62,47.29,41.59,39.25,65.4,65.64,113.2,86.13,127.68,182.28,179.63,186.86,163.49,65.56,269.56
CEACAM1,92.77,79.95,92.22,79.5,139.45,105.07,90.07,69.31,129.61,178.34,91.44,121.68,111.22,31.67,11.91,18.7
CEACAM6,1.0,1.0,1.0,1.02,1.09,1.22,1.11,1.0,8.93,1.0,1.44,195.44,2257.06,6.59,2.06,18.7
CEACAM8,1.0,1.0,1.0,1.02,1.14,1.0,1.11,1.61,1.0,1.0,1.44,5.27,3.17,6.59,2.06,18.7
CEBPB,350.72,292.75,321.75,309.0,303.89,613.48,343.21,233.72,283.57,330.3,314.95,58.47,124.19,64.62,69.68,119.95
CFB,2775.08,2839.21,2547.67,3644.99,3933.71,3865.2,2792.45,1959.64,3045.46,3949.04,2090.04,105.88,141.48,6.59,13.98,82.55
CFD,68.06,50.76,44.36,55.93,63.21,63.96,52.32,62.61,53.3,39.56,17.89,169.1,46.39,123.94,455.48,4383.83
CFI,2627.82,2660.8,2845.57,2992.34,3498.09,2544.03,2309.48,959.8,1868.38,1701.86,834.07,111.15,243.04,5.3,125.39,512.68
CFP,95.74,89.68,101.99,73.35,143.8,118.05,116.71,71.54,59.95,78.72,105.86,5.27,3.17,18.48,18.1,7.75
CHIT1,4.81,50.11,34.6,7.78,6.58,13.48,2.36,6.08,11.15,18.7,6.36,5.27,2.16,6.59,2.06,45.15
CHUK,116.49,103.96,83.43,96.92,111.13,113.0,111.16,82.7,105.21,106.82,85.67,174.37,126.35,196.44,94.44,194.76
CKLF,38.41,73.46,61.94,56.96,55.59,95.69,50.1,101.3,114.08,107.25,121.72,42.66,134.99,77.8,46.99,194.76
CLEC4A,35.45,24.81,24.83,28.27,37.08,40.16,17.9,39.55,41.76,32.33,43.85,53.2,57.2,6.59,53.18,26.45
CLEC4C,1.0,7.29,1.0,6.76,1.0,14.92,3.47,23.19,4.94,7.21,33.76,11.05,11.82,6.59,5.73,18.7
CLEC5A,1.0,1.0,1.0,1.0,1.09,1.0,1.11,1.0,7.6,1.0,1.44,5.27,2.16,6.59,3.66,18.7
CLEC6A,12.72,8.59,1.0,13.93,10.94,8.43,1.11,4.59,5.38,2.53,3.48,11.05,2.16,6.59,2.06,18.7
CLEC7A,11.73,12.48,2.36,2.66,10.94,13.48,9.02,15.75,24.01,12.32,16.45,5.27,1.01,6.59,1.6,7.75
CLU,25.57,17.02,27.76,30.32,27.28,19.97,19.01,15.0,14.25,22.11,2.03,1.0,2.16,6.59,2.06,119.95
CMA1,4.81,1.0,1.0,1.02,1.09,1.0,1.11,1.0,2.27,3.38,2.03,5.78,2.16,6.59,1.6,7.75
CMKLR1,73.01,57.24,47.29,41.59,74.1,74.78,68.97,89.4,102.99,74.04,120.28,42.66,35.59,6.59,160.46,550.08
COL3A1,464.38,439.38,580.58,522.11,458.54,658.92,480.88,1171.82,2901.71,1383.87,2199.64,1681.08,1096.62,1218.06,3453.15,9227.45
COLEC12,1.0,1.0,1.0,1.02,1.09,1.0,1.11,1.0,7.15,1.68,1.44,1.0,5.33,18.48,32.55,344.37
CR1,109.57,74.76,59.01,59.01,178.65,117.32,118.93,81.21,120.29,79.58,154.88,11.05,44.23,11.89,84.12,7.75
CR2,1.0,4.69,1.0,12.9,4.41,6.27,5.69,13.51,8.93,3.8,12.13,5.78,9.66,6.59,2.06,18.7
CREB1,74.98,89.68,88.31,72.33,76.28,103.62,67.86,124.36,97.22,87.24,118.83,121.68,128.51,170.08,209.97,400.47
CREB5,1.0,2.1,2.36,1.02,5.49,3.38,4.58,9.05,22.24,5.08,13.57,1.0,16.14,25.08,51.11,437.87
CREBBP,9.75,10.53,7.25,6.76,6.58,14.2,9.02,6.08,5.38,9.34,3.48,11.05,7.5,5.3,1.6,45.15
CRP,364.56,316.76,133.24,280.31,330.03,1215.65,458.67,281.33,791.13,764.93,1353.18,5.27,2.16,5.3,2.06,18.7
CSF1,23.59,22.21,17.01,28.27,15.3,47.37,30.11,32.86,60.4,35.31,108.74,5.78,7.5,6.59,13.98,18.7
CSF1R,8.76,9.88,11.15,10.85,7.67,19.25,26.78,19.47,16.03,12.74,12.13,11.05,1.01,6.59,18.1,101.25
CSF2,1.0,1.0,1.0,1.02,1.09,1.0,1.11,1.0,1.0,1.0,1.44,5.27,7.5,6.59,1.6,7.75
CSF2RB,41.38,45.57,19.94,52.86,30.54,92.81,23.45,142.96,63.06,78.3,114.51,221.78,167.41,11.89,166.65,288.26
CSF3,1.0,1.0,1.0,1.02,1.09,1.0,1.11,1.0,1.0,1.0,1.44,5.27,2.16,6.59,2.06,18.7
CSF3R,48.3,24.81,28.74,26.22,20.74,41.6,29.0,35.83,49.3,27.22,36.64,1.0,57.2,5.3,13.98,82.55
CT45A1,1.0,1.0,1.0,1.02,1.09,1.0,1.25,1.0,1.0,1.0,1.44,5.27,2.16,6.59,2.06,18.7
CTAG1B,1.0,1.0,1.0,4.71,3.32,1.0,1.11,1.0,1.0,1.0,9.24,11.05,7.5,11.89,1.6,18.7
CTAGE1,1.0,1.0,1.0,1.02,1.0,1.0,1.11,1.0,1.0,1.0,1.44,5.27,2.16,6.59,1.6,18.7
CTCFL,1.0,1.0,1.39,5.73,1.09,1.0,1.11,1.0,1.0,1.0,1.44,5.27,5.33,6.59,1.6,18.7
CTLA4,1.0,1.0,2.36,5.73,1.09,6.27,1.11,17.98,8.04,9.76,15.01,5.27,5.33,5.3,16.04,26.45
CTSG,1.0,1.0,1.0,1.02,1.09,1.22,1.11,17.98,3.6,4.66,9.24,1.0,2.16,5.3,2.06,194.76
CTSH,290.44,218.14,369.61,273.14,295.18,382.71,267.71,276.87,421.11,378.41,333.69,242.85,122.03,222.81,113.01,232.16
CTSL,202.48,265.5,284.63,201.42,259.24,285.36,178.89,169.74,322.17,243.89,237.08,21.59,13.98,71.21,110.94,138.65
CTSS,616.58,480.25,575.69,326.42,455.27,912.77,571.92,671.89,1025.39,572.94,688.42,258.66,173.89,18.48,216.16,381.77
CTSW,6.79,5.34,8.22,10.85,7.67,27.18,10.13,44.76,25.79,10.62,40.97,21.59,5.33,5.3,13.98,18.7
CX3CL1,66.09,64.38,85.38,59.01,83.91,82.71,56.76,52.94,92.34,55.31,55.39,11.05,13.98,104.17,53.18,101.25
CX3CR1,20.62,30.0,19.94,27.25,18.56,25.74,26.78,35.09,24.46,20.41,30.87,21.59,13.98,44.85,34.61,45.15
CXCL1,7.78,7.94,11.15,2.66,1.14,6.27,11.24,39.55,64.83,26.37,12.13,53.2,651.46,38.26,13.98,18.7
CXCL10,3.82,31.29,18.97,59.01,1.14,102.18,10.13,107.25,271.59,100.43,88.55,5.27,2.16,6.59,9.85,18.7
CXCL11,3.82,24.16,24.83,24.17,1.09,43.77,3.47,50.71,65.72,26.37,12.13,1.0,2.16,11.89,34.61,18.7
CXCL12,574.08,572.38,547.37,394.04,601.21,503.87,496.42,701.65,1119.45,400.54,1866.53,74.27,52.88,90.99,410.09,2064.88
CXCL13,10.74,6.64,1.0,12.9,8.76,8.43,15.68,35.09,6.27,1.0,1.44,5.78,2.16,6.59,7.79,18.7
CXCL14,257.82,299.89,266.08,229.09,304.98,190.16,207.76,198.01,301.31,202.17,185.17,616.9,422.4,51.44,16.04,1690.86
CXCL16,111.55,107.2,112.73,99.99,118.76,145.45,115.6,93.86,141.59,117.46,134.7,163.83,134.99,38.26,34.61,45.15
CXCL2,459.44,550.97,306.12,919.64,323.5,412.28,463.12,314.06,158.0,366.49,74.13,90.07,156.6,11.89,115.07,18.7
CXCL3,1.0,1.0,1.0,1.0,1.09,3.38,1.11,3.84,8.93,3.38,1.44,142.76,359.73,5.3,2.06,18.7
CXCL5,1.0,1.0,1.0,1.02,1.09,1.0,1.11,1.0,8.93,1.0,1.44,16.32,16.14,6.59,2.06,18.7
CXCL6,3.82,4.69,18.97,13.93,1.09,17.8,12.35,125.85,244.08,105.97,10.69,5.27,152.28,25.08,2.06,18.7
CXCL9,78.93,308.32,353.0,481.13,90.44,795.94,125.6,1284.89,554.65,650.42,319.27,53.2,18.3,5.3,787.64,101.25
CXCR1,7.78,1.0,7.25,9.83,1.09,3.38,1.11,3.1,5.38,2.1,7.8,5.78,20.46,5.3,9.85,18.7
CXCR2,11.73,7.29,9.2,7.78,5.49,5.55,1.11,4.59,15.14,8.91,1.0,5.27,167.41,11.89,5.73,18.7
CXCR3,4.81,11.18,13.11,22.12,15.3,24.3,7.91,63.36,35.99,25.51,72.69,1.0,13.98,6.59,26.36,26.45
CXCR4,47.31,63.08,60.97,86.67,25.1,147.61,82.3,362.42,275.58,162.16,413.0,179.63,277.62,137.12,253.3,512.68
CXCR5,1.0,1.0,1.0,1.02,1.09,2.66,1.11,18.72,4.49,1.0,2.03,1.0,2.16,6.59,1.6,18.7
CXCR6,1.85,3.4,19.94,6.76,2.23,38.0,7.91,41.04,18.25,16.58,36.64,5.78,20.46,6.59,5.73,18.7
CYBB,140.21,133.8,130.31,137.9,147.07,288.96,113.38,254.55,234.76,282.63,338.02,53.2,42.07,6.59,141.89,138.65
CYFIP2,150.09,89.03,118.59,121.51,67.57,110.83,116.71,143.7,156.23,133.64,146.23,169.1,22.62,44.85,71.74,157.36
CYLD,139.22,162.35,173.29,160.44,150.34,186.56,147.8,318.53,189.95,164.71,241.4,253.39,214.95,380.99,263.61,475.28
DDX43,1.0,1.0,1.0,1.02,1.09,1.0,1.11,1.0,1.0,1.0,1.44,5.27,2.16,6.59,2.06,18.7
DDX58,86.84,105.9,69.76,74.38,67.57,88.48,78.96,98.32,114.08,108.95,97.2,163.83,68.0,51.44,113.01,101.25
DEFB1,16.67,14.42,4.32,6.76,25.1,14.92,10.13,29.88,20.02,40.84,19.34,5.27,1.01,5.3,2.06,18.7
DMBT1,1.0,4.04,10.18,1.02,7.67,2.66,3.47,1.0,3.16,1.68,1.44,8097.76,1254.37,38.26,2.06,18.7
DOCK9,25.57,48.16,54.13,39.54,27.28,66.84,43.44,64.85,75.04,55.74,139.02,137.49,171.73,84.39,201.72,250.86
DPP4,120.44,92.28,131.29,122.53,102.42,71.17,73.41,109.48,153.57,79.15,71.25,63.73,24.78,552.36,7.79,18.7
DUSP4,7.78,1.0,2.36,1.0,1.09,9.15,1.11,11.28,14.25,5.51,6.36,290.27,152.28,18.48,18.1,18.7
DUSP6,240.03,299.89,232.87,247.53,259.24,133.19,214.42,110.97,233.87,202.17,189.49,74.27,130.67,44.85,102.69,269.56
EBI3,22.6,9.88,18.97,10.85,7.67,19.97,13.46,32.11,9.37,17.43,15.01,37.39,3.17,6.59,7.79,119.95
ECSIT,85.85,71.52,74.64,82.57,85.0,71.17,54.54,42.53,51.52,70.64,59.71,53.2,63.68,5.3,102.69,26.45
EGR1,43.36,2.1,1.0,5.73,6.58,1.0,31.22,14.26,21.8,17.0,1.44,5.27,13.98,216.22,5.73,1260.73
EGR2,1.0,1.0,1.0,2.66,1.09,2.66,1.11,6.82,5.82,5.51,3.48,5.27,3.17,6.59,5.73,63.85
ELANE,9.75,2.1,5.29,2.66,1.14,2.66,1.11,1.0,1.0,1.25,2.03,5.27,2.16,6.59,3.66,45.15
ELK1,58.18,54.65,68.78,65.16,62.12,70.45,63.42,31.37,28.01,50.2,29.43,74.27,70.16,84.39,65.56,7.75
ENG,190.62,195.43,215.29,184.01,198.26,218.29,212.2,221.07,519.16,227.71,610.56,132.22,173.89,97.58,558.63,718.39
ENTPD1,6.79,15.07,10.18,8.8,7.67,30.06,15.68,45.5,42.65,24.66,61.15,79.54,57.2,71.21,80.0,213.46
EOMES,1.0,1.0,1.0,1.63,1.09,5.55,1.11,8.31,3.6,1.0,1.0,5.27,2.16,6.59,2.06,18.7
EP300,197.53,231.77,208.45,205.52,253.8,218.29,205.53,267.2,244.97,209.84,229.87,342.95,312.19,354.63,309.0,400.47
EPCAM,2.83,5.34,4.32,12.9,5.49,3.38,1.11,7.56,28.01,7.21,1.44,827.62,405.11,58.03,2.06,18.7
ETS1,123.41,144.18,126.41,140.97,162.32,214.68,173.34,270.92,293.77,277.52,440.4,100.61,113.38,71.21,269.8,344.37
EWSR1,404.09,368.66,360.82,357.16,398.64,357.47,424.26,404.08,311.96,323.49,351.0,395.63,407.27,611.68,471.98,531.38
F12,1249.11,1101.13,1630.54,1610.2,1660.85,1373.59,1272.5,912.93,835.06,1259.15,635.07,21.59,3.17,6.59,2.06,18.7
F13A1,18.65,19.61,20.92,5.73,19.65,30.06,22.34,53.69,180.19,117.46,110.18,158.56,122.03,25.08,1260.09,1915.27
F2RL1,2.83,7.29,7.25,1.0,1.09,4.1,3.47,4.59,34.66,23.81,30.87,158.56,104.74,5.3,5.73,18.7
FADD,37.43,15.72,25.8,40.57,24.01,19.25,27.89,25.42,26.23,21.26,32.31,53.2,44.23,6.59,24.29,18.7
FAS,1.0,4.69,1.0,1.02,1.09,2.66,1.11,9.05,15.14,5.93,22.22,5.27,5.33,6.59,7.79,18.7
FCER1A,9.75,13.78,9.2,3.68,8.76,12.04,17.9,20.21,39.1,19.98,25.1,5.27,20.46,5.3,34.61,119.95
FCER1G,298.34,242.8,242.63,194.25,287.56,399.3,342.1,347.54,288.89,327.75,263.03,126.95,137.15,84.39,247.11,718.39
FCER2,1.85,4.69,1.0,3.68,1.09,6.27,1.11,20.21,11.59,2.53,13.57,5.27,11.82,6.59,16.04,63.85
FCGR1A,1.0,1.0,1.39,1.0,1.14,4.1,1.11,1.0,2.27,1.68,1.44,5.27,2.16,6.59,1.6,18.7
FCGR2A,46.32,44.92,44.36,37.49,62.12,82.71,65.64,75.26,186.84,63.4,167.86,69.0,109.06,84.39,73.81,213.46
FCGR2B,104.63,131.21,139.1,79.5,142.71,112.28,105.61,104.27,99.44,83.41,101.53,5.78,20.46,6.59,57.3,157.36
FCGR3A,310.2,206.46,175.24,114.33,120.93,368.29,288.8,232.23,289.33,482.27,186.61,26.86,24.78,6.59,133.64,250.86
FEZ1,49.29,81.9,67.8,60.03,51.23,59.63,58.98,32.11,46.2,58.29,36.64,11.05,13.98,38.26,108.88,45.15
FLT3,1.0,1.0,1.0,5.73,1.09,14.2,1.11,10.54,6.71,1.0,1.0,5.78,2.16,6.59,11.91,18.7
FLT3LG,17.66,22.21,23.85,20.07,13.12,31.51,21.23,55.17,36.88,24.66,43.85,47.93,20.46,38.26,55.24,45.15
FN1,3161.51,3591.15,2764.5,3309.95,4329.03,3186.58,3010.06,1745.39,3878.69,3070.86,2682.7,74.27,96.1,117.35,339.95,4439.93
FOS,33.47,18.32,17.99,18.03,3.32,17.8,22.34,43.27,36.88,36.58,27.99,242.85,714.13,3940.17,24.29,10181.21
FOXJ1,1.0,1.0,1.0,1.02,1.0,1.0,1.11,2.36,8.93,1.25,1.44,5.27,1.01,5.3,2.06,18.7
FOXP3,2.83,7.94,13.11,6.76,7.67,14.92,1.11,44.76,129.17,251.98,27.99,5.27,3.17,6.59,11.91,26.45
FPR2,1.0,1.0,1.0,1.02,1.14,10.59,1.11,1.0,1.83,4.66,1.44,5.27,16.14,6.59,1.6,18.7
FUT5,2.83,1.0,1.39,1.02,3.32,5.55,2.36,1.0,1.0,1.0,1.44,5.27,1.01,6.59,2.06,18.7
FUT7,1.0,1.0,1.0,1.02,1.09,1.0,1.11,10.54,1.0,5.08,1.44,5.27,2.16,6.59,5.73,18.7
FYN,65.1,76.71,82.45,96.92,53.41,117.32,71.19,248.6,104.76,58.29,169.3,158.56,145.8,51.44,306.94,587.48
GAGE1,1.85,3.4,1.0,5.73,1.14,5.55,1.11,6.08,1.0,1.0,1.44,5.27,2.16,6.59,2.06,18.7
GATA3,1.0,1.0,1.0,1.02,1.09,1.0,1.11,1.0,1.0,1.0,1.44,5.27,2.16,6.59,2.06,18.7
GNLY,18.65,29.35,41.43,27.25,16.38,21.41,14.57,46.25,5.82,14.87,1.44,26.86,31.27,6.59,18.1,18.7
GPI,444.61,735.22,484.86,393.02,529.33,441.85,486.43,384.74,551.55,512.5,389.93,580.02,534.77,460.09,1617.0,550.08
GTF3C1,133.29,127.31,95.15,121.51,107.87,104.34,116.71,142.21,122.07,105.12,117.39,248.12,258.17,651.23,271.86,194.76
GZMA,17.66,43.62,31.67,59.01,24.01,102.18,26.78,93.12,83.47,35.73,144.79,5.27,48.55,6.59,42.86,7.75
GZMB,1.0,15.72,13.11,6.76,3.32,21.41,1.11,23.19,10.26,11.89,84.23,11.05,22.62,6.59,18.1,18.7
GZMH,7.78,13.78,4.32,17.0,3.32,18.53,1.25,11.28,19.58,6.78,1.0,1.0,7.5,6.59,22.23,7.75
GZMK,17.66,28.05,31.67,43.64,17.47,79.82,17.9,154.12,97.22,36.16,169.3,5.27,26.94,11.89,28.42,7.75
GZMM,1.0,3.4,5.29,11.88,4.41,18.53,10.13,37.32,12.92,8.91,29.43,5.27,2.16,6.59,5.73,7.75
HAMP,157.01,655.42,5297.11,880.71,12.03,697.14,215.53,869.78,17.36,140.87,147.67,5.27,5.33,5.3,2.06,18.7
HAVCR2,15.68,14.42,17.99,14.95,22.92,48.09,20.12,33.6,34.22,29.77,16.45,16.32,9.66,5.3,13.98,26.45
HCK,61.15,72.17,70.73,67.2,70.84,98.57,61.2,117.67,87.9,88.52,82.78,79.54,72.32,18.48,121.26,232.16
HLA-A,1528.8,1493.64,1446.92,1554.87,1256.82,3040.19,1578.93,4060.5,2866.66,2517.47,3304.21,2666.23,1868.09,301.9,1746.97,2177.09
HLA-B,1465.55,1422.28,1780.95,1688.07,1192.56,3131.05,1764.34,4924.95,2611.1,2406.79,3348.91,3451.2,1775.17,829.19,1775.86,2308.0
HLA-C,1155.22,510.09,1629.56,1090.75,1734.91,1160.84,1382.41,2064.53,1328.87,2471.92,1149.86,2676.77,1861.61,361.22,1738.72,1971.37
HLA-DMA,86.84,107.85,102.97,115.36,130.74,202.42,123.38,220.33,195.27,137.9,261.59,332.41,113.38,18.48,158.39,194.76
HLA-DMB,157.01,168.83,132.27,172.73,167.76,351.7,175.56,358.7,393.6,229.84,486.54,232.32,119.87,44.85,271.86,250.86
HLA-DOB,2.83,9.88,8.22,18.03,3.32,25.74,9.02,73.77,43.98,12.74,91.44,37.39,20.46,5.3,34.61,45.15
HLA-DPA1,513.8,455.6,403.79,339.74,210.24,578.15,557.49,1080.31,998.33,907.53,1315.69,205.98,184.69,51.44,670.04,363.07
HLA-DPB1,355.67,367.36,323.7,351.01,285.38,597.62,400.94,863.08,1105.7,780.68,1360.39,242.85,134.99,58.03,471.98,306.96
HLA-DQA1,1.0,1.0,1.0,1.02,286.47,1.0,1.11,842.25,756.08,329.45,1761.27,258.66,158.76,71.21,339.95,924.11
HLA-DQB1,14.69,11.18,1.39,6.76,169.94,9.15,7.91,344.56,253.84,164.29,470.68,242.85,50.71,31.67,51.11,213.46
HLA-DRA,1126.56,1118.0,982.98,930.91,770.01,2561.34,1174.79,2037.75,2167.42,1330.66,3135.49,727.53,519.65,229.4,830.96,1167.22
HLA-DRB3,1114.7,842.27,1092.37,1400.16,1285.13,1762.29,1283.6,3039.08,1678.93,1414.1,2684.15,3435.39,1075.01,394.18,2019.3,2906.43
HLA-DRB4,3.82,186.35,335.42,182.98,14.21,769.98,1.11,346.05,2.27,3.38,2.03,300.8,221.43,11.89,3.66,18.7
HLA-E,1122.6,1062.2,1132.42,1280.29,1037.92,1477.43,1154.81,2049.66,1465.52,1404.3,1755.5,1422.93,908.62,460.09,1493.21,2532.41
HLA-G,50.27,50.76,46.32,98.97,55.59,141.12,25.67,183.13,319.5,203.45,427.42,5.78,44.23,6.59,28.42,18.7
HMGB1,242.01,257.07,243.61,218.84,269.04,339.44,268.82,243.39,303.09,243.04,320.71,211.24,206.3,288.72,152.21,213.46
HRAS,1.0,3.4,1.0,3.68,1.09,5.55,1.11,6.82,13.37,5.08,4.92,1.0,13.98,11.89,11.91,18.7
HSD11B1,1208.59,1424.22,1344.36,940.13,1218.7,837.76,984.94,538.73,720.59,575.07,482.22,1.0,16.14,18.48,5.73,18.7
ICAM1,122.42,84.49,79.52,101.02,89.35,125.98,68.97,158.58,157.56,167.27,185.17,53.2,57.2,25.08,104.75,45.15
ICAM2,41.38,33.89,27.76,27.25,38.17,42.32,42.33,48.48,49.75,34.03,75.57,37.39,37.75,11.89,123.32,18.7
ICAM3,303.28,227.22,204.54,341.79,312.61,168.53,346.54,217.35,130.05,202.17,303.41,137.49,85.29,97.58,117.13,119.95
ICAM4,1.0,1.0,1.0,1.02,1.09,1.0,1.11,1.0,1.0,1.0,1.44,5.27,1.01,6.59,2.06,7.75
ICOS,1.0,1.0,1.0,1.63,1.14,2.66,1.11,15.75,13.37,3.38,23.66,5.27,9.66,6.59,1.6,7.75
ICOSLG,49.29,38.43,52.18,39.54,18.56,37.28,31.22,59.64,52.41,29.77,48.18,63.73,70.16,31.67,49.05,45.15
IDO1,3.82,26.75,15.06,30.32,1.09,69.73,5.69,30.63,19.13,17.0,35.2,5.78,7.5,6.59,63.49,18.7
IFI16,44.34,55.3,50.22,53.89,43.61,80.55,29.0,122.87,125.17,71.49,166.42,58.47,150.12,58.03,176.96,213.46
IFI27,318.11,358.93,270.96,295.68,220.04,263.72,264.38,218.84,286.23,942.01,911.93,2144.68,1589.32,38.26,552.44,550.08
IFI35,37.43,54.65,58.04,61.06,40.34,56.75,36.77,38.81,74.59,57.44,51.06,84.81,65.84,38.26,30.48,26.45
IFIH1,42.37,55.95,42.41,69.25,61.04,67.56,57.87,66.33,84.8,77.02,58.27,47.93,55.04,25.08,32.55,82.55
IFIT1,121.43,153.26,151.8,135.85,147.07,69.73,122.26,87.91,175.31,249.42,91.44,42.66,11.82,11.89,84.12,63.85
IFIT2,46.32,35.83,59.99,61.06,68.66,64.68,81.19,46.25,169.98,354.57,23.66,16.32,13.98,5.3,53.18,26.45
IFITM1,152.07,256.42,161.57,180.93,221.13,295.45,161.12,212.89,386.06,530.8,639.4,200.71,132.83,64.62,267.74,381.77
IFITM2,668.96,573.67,735.87,509.82,1127.22,1225.03,729.58,507.49,1213.96,1339.6,929.24,148.03,312.19,242.58,474.05,1634.75
IFNA1,1.0,1.0,1.0,1.02,1.09,1.0,1.11,1.0,1.0,1.0,1.44,5.27,2.16,6.59,2.06,18.7
IFNA17,1.0,1.0,1.0,1.02,1.09,1.0,1.11,1.0,1.0,1.0,1.44,5.27,2.16,6.59,2.06,18.7
IFNA2,1.0,1.0,1.0,1.02,1.09,1.0,1.11,1.0,1.0,1.0,1.44,5.27,2.16,6.59,2.06,18.7
IFNA7,13.71,5.99,4.32,1.02,6.58,1.0,2.36,1.0,3.6,3.8,4.92,5.27,9.66,18.48,5.73,18.7
IFNA8,1.0,1.0,1.0,1.02,1.09,1.0,1.11,1.0,1.0,1.0,1.44,5.27,2.16,6.59,2.06,18.7
IFNAR1,37.43,54.65,43.39,49.79,66.48,84.15,51.21,57.41,59.95,84.68,38.08,16.32,3.17,25.08,36.67,45.15
IFNAR2,213.35,224.63,212.36,174.78,253.8,200.26,182.22,233.72,254.73,244.32,277.45,190.17,150.12,104.17,222.35,194.76
IFNB1,1.0,1.0,1.0,1.0,1.09,1.0,1.11,1.0,1.0,1.0,1.44,5.27,2.16,6.59,2.06,18.7
IFNG,7.78,1.0,7.25,4.71,9.85,11.31,1.25,9.8,3.16,5.51,12.13,5.78,1.01,5.3,1.6,18.7
IFNGR1,151.08,145.48,158.64,149.17,140.54,198.82,161.12,241.16,453.05,214.52,387.05,269.19,195.5,64.62,302.81,157.36
IFNL1,21.61,18.97,26.78,23.15,13.12,21.41,27.89,15.0,9.82,12.74,46.73,58.47,29.11,77.8,22.23,7.75
IFNL2,1.0,1.0,1.0,1.02,1.09,3.38,1.11,1.0,1.0,1.0,1.44,5.27,2.16,6.59,2.06,18.7
IGF1R,39.4,48.16,54.13,57.98,64.3,39.44,33.44,92.37,59.95,49.78,102.97,464.12,260.33,1850.8,317.25,475.28
IGF2R,151.08,153.26,166.45,147.12,128.56,141.84,135.59,148.91,209.03,155.77,173.63,163.83,145.8,156.9,172.84,306.96
IGLL1,1.0,2.1,1.0,3.68,1.09,1.94,1.11,1.0,1.0,1.0,1.44,5.27,1.01,6.59,2.06,18.7
IKBKB,56.2,60.49,66.83,66.18,62.12,49.54,52.32,100.55,72.82,52.33,72.69,163.83,182.53,156.9,88.25,101.25
IKBKE,13.71,10.53,21.9,26.22,17.47,33.67,13.46,61.13,28.45,30.2,55.39,111.15,137.15,18.48,38.74,63.85
IKBKG,129.34,161.05,105.9,102.04,137.27,113.72,118.93,119.9,131.83,97.88,140.46,105.88,76.65,163.49,96.5,138.65
IL10,10.74,2.75,1.0,8.8,3.32,1.22,7.91,1.0,6.71,5.08,1.44,21.59,2.16,5.3,3.66,18.7
IL10RA,50.27,52.7,70.73,52.86,63.21,105.79,65.64,154.12,102.99,90.64,139.02,37.39,37.75,6.59,77.93,45.15
IL11,1.0,1.0,1.0,2.66,1.14,1.0,1.11,1.0,2.72,3.38,3.48,5.27,227.91,31.67,2.06,45.15
IL11RA,35.45,31.29,37.53,61.06,59.95,38.72,41.22,49.97,23.57,29.77,36.64,16.32,3.17,84.39,104.75,63.85
IL12A,1.0,2.75,1.0,3.68,4.41,2.66,1.11,1.0,1.0,1.0,1.44,5.27,2.16,6.59,11.91,18.7
IL12B,1.0,1.0,1.0,1.02,1.09,1.0,1.11,1.0,1.0,1.0,1.44,5.27,2.16,6.59,2.06,18.7
IL12RB1,1.0,2.75,4.32,2.66,4.41,8.43,1.11,20.21,7.15,8.91,19.34,5.27,2.16,6.59,2.06,18.7
IL12RB2,1.0,1.0,2.36,1.02,1.09,6.99,1.11,3.1,1.0,2.53,1.44,1.0,2.16,6.59,1.6,18.7
IL13,4.81,1.0,1.0,1.63,3.32,1.0,1.11,1.0,1.0,1.25,6.36,1.0,7.5,6.59,2.06,18.7
IL13RA1,607.69,711.86,668.48,646.08,677.44,612.76,658.52,398.13,630.08,695.54,444.73,464.12,411.6,143.71,263.61,437.87
IL13RA2,24.58,23.51,21.9,6.76,18.56,25.74,26.78,6.82,8.93,13.6,1.44,5.27,18.3,6.59,1.6,18.7
IL15,29.52,18.97,17.99,31.34,20.74,22.85,19.01,32.11,20.46,19.13,38.08,74.27,29.11,6.59,67.62,63.85
IL15RA,22.6,35.19,45.34,24.17,21.83,39.44,45.66,61.13,52.85,50.2,56.83,79.54,44.23,11.89,32.55,7.75
IL16,40.39,75.41,65.85,89.74,39.25,124.54,78.96,241.16,146.47,60.85,250.06,58.47,57.2,38.26,88.25,344.37
IL17A,1.0,2.75,1.0,1.02,1.09,1.0,1.11,1.0,1.0,1.0,1.44,5.27,1.01,6.59,2.06,18.7
IL17B,1.0,1.0,1.0,1.02,1.09,1.0,1.11,1.0,1.0,1.0,1.44,5.27,3.17,6.59,2.06,18.7
IL17F,1.0,1.0,1.0,1.02,1.09,1.0,1.11,1.0,1.0,1.0,1.44,5.27,2.16,6.59,2.06,18.7
IL17RA,18.65,32.59,24.83,26.22,22.92,40.16,19.01,30.63,42.2,25.51,59.71,11.05,35.59,38.26,13.98,18.7
IL17RB,76.96,72.81,102.97,82.57,162.32,71.89,77.85,107.25,86.13,138.75,45.29,26.86,11.82,5.3,2.06,18.7
IL18,9.75,13.13,17.01,28.27,21.83,31.51,5.69,46.25,80.8,29.77,29.43,63.73,104.74,25.08,13.98,26.45
IL18R1,12.72,24.16,17.99,31.34,31.63,37.28,16.79,28.39,30.23,26.37,45.29,47.93,20.46,6.59,16.04,7.75
IL18RAP,5.8,11.83,3.34,6.76,4.41,8.43,1.0,12.03,8.93,6.78,6.36,5.78,9.66,6.59,2.06,18.7
IL19,1.0,2.1,1.0,1.02,1.09,1.0,1.11,1.0,1.0,1.0,1.44,5.27,2.16,6.59,3.66,18.7
IL1A,1.0,1.0,1.0,1.02,1.09,1.0,1.11,1.0,1.0,1.0,1.44,5.27,3.17,6.59,2.06,18.7
IL1B,8.76,13.78,2.36,13.93,6.58,17.8,3.47,26.91,16.47,15.3,10.69,42.66,109.06,18.48,1.6,45.15
IL1R1,212.36,182.46,153.75,161.46,205.88,152.66,175.56,123.62,263.16,208.56,247.17,153.29,115.54,479.86,148.08,232.16
IL1R2,17.66,20.91,12.13,8.8,8.76,17.08,12.35,7.56,16.92,6.36,1.0,190.17,310.03,18.48,2.06,26.45
IL1RAP,252.88,161.05,273.89,237.28,322.41,269.49,239.95,148.17,185.96,155.77,79.9,26.86,122.03,25.08,42.86,26.45
IL1RAPL2,2.83,4.04,6.27,8.8,3.32,6.27,3.47,1.0,7.6,1.0,1.44,5.78,3.17,6.59,1.6,18.7
IL1RL1,7.78,7.94,3.34,4.71,5.49,1.0,1.11,3.84,5.38,5.51,3.48,47.93,31.27,38.26,2.06,18.7
IL1RL2,1.0,5.34,1.0,1.63,3.32,4.82,1.25,1.0,1.0,1.0,1.44,5.27,7.5,11.89,2.06,18.7
IL1RN,10.74,11.83,37.53,13.93,18.56,28.62,15.68,23.19,14.25,27.64,7.8,95.34,1016.67,11.89,2.06,18.7
IL2,1.0,1.0,1.0,1.02,1.09,3.38,1.11,1.0,1.0,1.0,1.44,5.27,5.33,6.59,2.06,18.7
IL21,1.0,1.0,1.0,1.02,1.09,1.0,1.11,1.0,1.0,1.0,1.44,5.27,2.16,6.59,2.06,18.7
IL21R,1.0,8.59,11.15,7.78,6.58,21.41,12.35,48.48,21.35,13.6,26.55,5.27,1.01,6.59,20.17,18.7
IL22,1.0,5.99,1.0,1.02,3.32,3.38,1.11,1.0,1.0,1.0,1.0,5.27,3.17,6.59,2.06,18.7
IL22RA1,7.78,18.97,11.15,9.83,20.74,17.8,11.24,3.1,11.59,17.0,6.36,47.93,33.43,6.59,1.6,18.7
IL22RA2,1.0,1.0,2.36,1.02,3.32,1.0,1.11,3.1,2.27,1.0,3.48,5.27,5.33,5.3,5.73,26.45
IL23A,1.0,1.0,1.0,1.02,10.94,2.66,2.36,1.0,1.39,2.1,1.44,1.0,2.16,6.59,2.06,18.7
IL23R,1.0,1.0,1.0,1.02,1.09,1.0,1.11,1.0,1.0,1.0,1.44,5.27,2.16,6.59,2.06,18.7
IL24,1.0,1.0,1.0,1.02,1.09,1.0,1.11,1.0,1.0,1.0,1.44,5.27,3.17,6.59,2.06,18.7
IL25,1.0,1.0,1.0,1.02,1.09,1.0,1.11,1.0,1.0,1.25,1.44,5.27,2.16,6.59,2.06,26.45
IL26,2.83,5.34,5.29,3.68,1.14,1.22,1.25,1.0,2.27,1.0,1.44,16.32,1.01,18.48,3.66,18.7
IL27,36.44,29.35,52.18,29.3,32.72,31.51,41.22,28.39,11.59,24.66,1.44,5.27,2.16,6.59,2.06,18.7
IL2RA,1.0,2.75,1.0,6.76,3.32,11.31,1.11,3.1,3.6,12.32,15.01,5.27,5.33,6.59,46.99,18.7
IL2RB,56.2,57.24,55.11,78.47,67.57,94.25,77.85,155.61,83.91,89.79,107.3,16.32,59.36,6.59,63.49,18.7
IL2RG,23.59,61.14,40.46,49.79,24.01,103.62,39.0,147.42,113.19,59.57,271.69,84.81,50.71,11.89,34.61,26.45
IL3,1.0,1.0,1.0,1.02,1.09,1.0,1.11,1.0,1.0,1.0,1.44,5.27,3.17,6.59,2.06,18.7
IL32,63940.34,55044.59,22422.75,47636.75,49677.17,45641.3,48445.34,51167.74,28555.6,23183.57,158225.11,50022.2,26976.39,55482.35,16118.47,5057.07
IL34,1.0,4.04,2.36,8.8,1.0,5.55,11.24,22.44,21.35,15.72,23.66,5.27,39.91,5.3,13.98,45.15
IL3RA,1.0,1.0,1.0,4.71,1.09,3.38,1.0,3.84,5.82,2.53,7.8,5.78,7.5,11.89,18.1,26.45
IL4,4.81,1.0,2.36,1.02,3.32,2.66,5.69,1.0,2.72,1.0,2.03,5.27,2.16,6.59,2.06,18.7
IL4R,54.23,71.52,68.78,66.18,102.42,60.35,55.65,74.52,82.14,88.94,52.5,16.32,59.36,58.03,20.17,45.15
IL5,1.0,1.0,1.0,1.02,1.09,1.0,1.11,1.0,1.0,1.0,1.44,5.27,2.16,6.59,2.06,18.7
IL5RA,1.0,1.0,1.39,1.02,1.09,1.0,1.11,1.0,1.0,1.0,1.44,5.27,2.16,5.3,2.06,18.7
IL6,1.0,1.0,1.0,1.02,1.09,1.0,1.11,1.0,1.0,1.0,1.44,5.27,9.66,38.26,9.85,7.75
IL6R,219.28,232.41,358.86,266.99,352.9,312.04,257.72,204.71,151.79,137.9,114.51,21.59,20.46,11.89,32.55,7.75
IL6ST,1058.36,992.14,1058.19,950.38,1175.14,954.59,1011.59,1021.54,1402.08,1091.43,1327.23,532.6,374.86,802.82,649.41,718.39
IL7,6.79,6.64,5.29,1.63,3.32,12.76,6.8,15.0,10.7,10.19,35.2,1.0,13.98,5.3,7.79,18.7
IL7R,17.66,40.38,28.74,40.57,12.03,123.82,45.66,353.49,148.69,78.72,521.15,53.2,93.93,25.08,61.43,101.25
IL9,1.0,1.0,1.0,1.02,1.09,1.0,1.11,1.0,1.0,1.0,1.0,5.27,2.16,6.59,2.06,18.7
ILF3,260.79,249.93,269.98,241.38,194.99,260.11,226.63,312.58,328.38,289.86,356.76,432.51,420.24,611.68,395.65,718.39
INPP5D,33.47,31.94,25.8,26.22,19.65,76.94,34.55,90.88,98.11,38.29,118.83,84.81,55.04,6.59,38.74,7.75
IRAK1,107.6,58.54,86.36,76.43,76.28,105.79,84.52,97.58,109.64,120.44,110.18,126.95,225.75,203.03,71.74,82.55
IRAK2,34.46,48.81,50.22,35.44,31.63,43.05,29.0,24.67,42.2,36.16,58.27,11.05,37.75,6.59,20.17,26.45
IRAK4,34.46,47.51,41.43,62.08,68.66,59.63,54.54,74.52,61.28,55.74,77.02,132.22,78.81,77.8,30.48,7.75
IRF1,73.01,79.3,68.78,105.11,41.43,104.34,72.3,139.24,108.31,86.81,94.32,179.63,76.65,18.48,77.93,101.25
IRF2,77.95,79.3,81.48,82.57,77.37,105.79,95.62,81.21,138.93,136.62,118.83,137.49,89.61,117.35,92.38,138.65
IRF3,47.31,35.83,47.29,37.49,50.15,53.14,64.53,57.41,38.66,36.58,36.64,126.95,52.88,110.76,69.68,82.55
IRF4,18.65,26.1,25.8,36.47,10.94,47.37,26.78,153.37,50.63,45.95,146.23,390.36,74.49,6.59,75.87,82.55
IRF5,37.43,53.35,38.5,33.39,47.97,55.31,40.11,48.48,58.62,46.8,42.41,16.32,46.39,6.59,42.86,63.85
IRF7,89.81,83.2,80.5,78.47,87.17,75.5,121.15,99.07,67.49,78.3,88.55,116.42,61.52,77.8,44.92,18.7
IRF8,32.48,53.35,44.36,44.66,35.99,57.47,25.67,75.26,63.06,39.99,79.9,84.81,24.78,25.08,16.04,18.7
IRGM,1.0,1.0,1.0,1.02,1.09,3.38,1.11,3.1,1.0,1.0,1.0,5.27,1.01,6.59,3.66,18.7
ISG15,73.99,74.76,68.78,84.62,50.15,56.03,63.42,66.33,107.87,115.76,77.02,79.54,59.36,44.85,90.31,45.15
ISG20,4.81,19.61,9.2,33.39,1.0,35.11,16.79,76.01,43.98,42.97,49.62,300.8,290.58,5.3,42.86,7.75
ITCH,404.09,406.94,431.14,391.99,511.9,358.91,407.6,246.37,292.44,312.0,247.17,274.46,206.3,301.9,156.33,250.86
ITGA1,441.65,534.1,531.74,459.61,532.6,449.06,446.46,315.55,562.64,440.13,472.12,211.24,128.51,361.22,282.18,437.87
ITGA2,1.0,1.0,3.34,5.73,1.0,6.99,1.11,9.8,23.13,3.8,7.8,63.73,182.53,77.8,7.79,18.7
ITGA2B,1.0,1.0,1.0,1.02,1.09,1.94,1.11,1.0,1.0,1.0,1.44,5.27,5.33,25.08,2.06,45.15
ITGA4,25.57,42.97,41.43,53.89,15.3,71.89,35.66,129.57,95.89,45.1,157.77,100.61,59.36,6.59,86.19,82.55
ITGA5,179.74,143.53,148.87,132.78,165.58,87.76,176.67,72.29,141.59,121.72,101.53,42.66,46.39,222.81,117.13,381.77
ITGA6,22.6,34.54,18.97,12.9,10.94,40.88,22.34,70.8,136.71,92.77,113.07,379.83,519.65,235.99,232.67,344.37
ITGAE,21.61,12.48,17.99,12.9,19.65,15.64,20.12,26.91,32.44,22.96,40.97,26.86,46.39,25.08,32.55,7.75
ITGAL,89.81,104.61,83.43,174.78,115.49,182.23,98.95,296.21,148.24,134.92,257.27,116.42,55.04,6.59,65.56,45.15
ITGAM,9.75,10.53,12.13,8.8,13.12,25.02,14.57,44.02,47.09,26.79,39.52,21.59,16.14,6.59,40.8,119.95
ITGAX,32.48,46.86,54.13,34.42,22.92,64.68,29.0,148.91,125.17,66.81,97.2,11.05,61.52,18.48,51.11,82.55
ITGB1,562.22,698.24,721.22,619.45,796.15,866.61,611.89,741.82,1487.26,1032.68,1250.8,680.11,908.62,881.91,1354.99,1597.35
ITGB2,88.82,74.11,83.43,102.04,26.19,149.06,86.74,171.23,174.42,97.88,154.88,11.05,57.2,11.89,96.5,101.25
ITGB3,1.85,15.07,16.04,10.85,7.67,17.08,4.58,4.59,28.89,33.6,1.0,21.59,22.62,11.89,13.98,101.25
ITGB4,5.8,7.29,8.22,4.71,1.09,11.31,1.11,25.42,20.91,11.47,30.87,811.82,1647.67,235.99,73.81,643.59
ITK,18.65,16.37,28.74,24.17,6.58,58.19,27.89,118.41,63.06,33.18,128.93,26.86,37.75,5.3,38.74,138.65
JAK1,243.0,274.59,310.03,243.43,287.56,358.19,274.37,389.94,359.43,320.94,361.09,327.14,327.32,235.99,335.82,456.57
JAK2,101.67,102.01,111.76,144.05,103.51,181.51,142.25,188.34,150.02,105.97,169.3,485.19,310.03,104.17,269.8,325.67
JAK3,14.69,30.0,22.87,49.79,17.47,75.5,30.11,132.54,81.25,34.03,166.42,47.93,65.84,18.48,67.62,7.75
JAM3,9.75,4.04,10.18,7.78,8.76,8.43,12.35,27.65,48.86,17.0,69.81,53.2,44.23,275.54,187.28,250.86
KIR3DL1,1.0,1.0,1.0,1.02,3.32,1.22,1.11,1.0,1.83,1.0,1.44,5.27,2.16,6.59,2.06,18.7
KIR3DL2,1.0,1.0,1.0,1.63,3.32,1.0,1.11,1.0,1.0,1.0,1.44,5.27,2.16,6.59,2.06,18.7
KIR3DL3,1.0,1.0,1.0,2.66,1.09,1.22,2.36,1.0,1.0,2.1,3.48,11.05,5.33,6.59,2.06,18.7
KIT,1.0,14.42,12.13,8.8,14.21,11.31,1.25,6.82,10.7,6.78,17.89,32.12,9.66,6.59,9.85,18.7
KLRB1,58.18,49.46,59.99,68.23,21.83,122.37,68.97,145.19,116.74,81.28,134.7,21.59,39.91,6.59,16.04,18.7
KLRC1,2.83,5.99,4.32,1.63,2.23,13.48,1.11,11.28,4.49,8.49,17.89,26.86,22.62,5.3,9.85,26.45
KLRC2,6.79,8.59,11.15,1.0,5.49,7.71,29.0,21.7,4.94,26.79,2.03,74.27,61.52,18.48,11.91,18.7
KLRD1,1.0,9.23,2.36,2.66,1.0,11.31,2.36,16.49,9.37,8.91,1.0,11.05,2.16,6.59,1.6,18.7
KLRF1,1.0,2.75,1.39,2.66,6.58,5.55,1.25,6.08,1.0,4.66,1.44,5.27,2.16,6.59,2.06,18.7
KLRG1,2.83,7.94,11.15,20.07,7.67,17.8,9.02,38.06,17.36,10.62,43.85,5.27,1.01,6.59,7.79,18.7
KLRK1,11.73,15.07,30.69,29.3,19.65,32.95,7.91,79.72,48.86,19.13,56.83,5.27,9.66,5.3,22.23,26.45
LAG3,25.57,31.94,24.83,44.66,34.9,28.62,36.77,24.67,32.0,13.6,25.1,16.32,3.17,5.3,30.48,18.7
LAIR2,4.81,10.53,16.04,9.83,7.67,20.69,1.25,41.04,38.66,22.53,39.52,16.32,50.71,6.59,32.55,45.15
LAMP1,1501.13,1649.35,1339.48,1512.87,1507.3,1588.49,1498.99,1427.73,1861.28,2104.55,1895.37,1512.49,1397.0,1712.39,1146.62,1915.27
LAMP2,498.97,537.34,625.51,491.37,740.6,833.44,520.85,613.12,1260.99,1482.63,701.4,400.9,387.83,539.18,288.37,119.95
LAMP3,1.0,1.0,1.0,1.02,1.09,9.87,1.11,6.08,4.49,7.64,13.57,5.27,20.46,6.59,1.6,18.7
LBP,1232.31,990.84,821.82,1310.0,1520.37,1145.7,1183.68,395.9,860.79,1153.58,847.04,5.27,2.16,6.59,2.06,26.45
LCK,24.58,19.61,30.69,41.59,10.94,48.81,25.67,108.74,61.73,30.62,123.16,37.39,39.91,38.26,42.86,7.75
LCN2,7.78,6.64,7.25,11.88,6.58,8.43,4.58,3.84,18.69,13.17,30.87,532.6,4552.01,25.08,2.06,18.7
LCP1,255.84,297.29,298.31,254.7,193.9,489.44,292.14,640.65,431.31,462.27,635.07,126.95,195.5,703.96,393.59,419.17
LGALS3,36.44,43.62,38.5,35.44,14.21,88.48,42.33,102.04,225.89,100.86,215.45,817.09,813.54,242.58,515.31,774.5
LIF,1.0,1.0,1.0,1.02,1.09,1.0,1.11,8.31,11.59,7.64,6.36,26.86,72.32,71.21,20.17,63.85
LILRA1,8.76,2.75,7.25,5.73,2.23,6.27,9.02,3.84,1.39,8.06,12.13,5.27,1.01,6.59,2.06,18.7
LILRA4,1.0,1.0,1.0,1.02,1.09,7.71,1.0,6.82,3.6,4.23,6.36,5.78,2.16,6.59,2.06,18.7
LILRA5,1.0,1.0,5.29,1.02,5.49,5.55,4.58,3.84,6.71,4.66,1.44,5.27,9.66,6.59,2.06,18.7
LILRB1,30.51,35.83,33.62,20.07,45.79,48.81,43.44,42.53,59.06,54.04,85.67,21.59,9.66,6.59,24.29,18.7
LILRB2,61.15,39.08,33.62,28.27,70.84,68.29,65.64,65.59,65.28,51.91,89.99,11.05,31.27,38.26,49.05,63.85
LILRB3,7.78,2.75,14.08,6.76,2.23,17.8,1.25,11.28,18.25,11.04,2.03,1.0,11.82,6.59,34.61,18.7
LRP1,335.9,338.17,382.3,369.45,449.83,426.7,362.08,325.22,456.6,391.6,394.26,79.54,122.03,84.39,185.21,1092.42
LRRN3,3.82,10.53,5.29,7.78,1.09,8.43,4.58,12.03,6.27,21.68,22.22,5.27,2.16,18.48,69.68,18.7
LTA,8.76,11.83,1.39,5.73,1.09,6.99,1.0,12.77,7.15,6.36,32.31,5.27,5.33,6.59,7.79,18.7
LTB,32.48,56.6,55.11,75.4,20.74,115.16,54.54,320.76,114.52,84.68,278.9,142.76,104.74,11.89,199.66,138.65
LTBR,530.6,419.26,428.21,301.83,448.74,389.92,501.97,264.22,477.45,389.05,394.26,580.02,677.4,723.73,251.23,680.99
LTF,1.0,5.34,1.0,5.73,8.76,8.43,1.0,26.16,12.92,1.25,12.13,990.94,180.37,5.3,13.98,194.76
LTK,18.65,20.26,32.64,25.2,19.65,23.57,41.22,27.65,16.47,13.6,15.01,53.2,57.2,18.48,11.91,26.45
LY86,1.0,5.34,3.34,1.02,1.09,10.59,1.11,26.91,23.57,17.0,26.55,5.27,1.01,6.59,5.73,18.7
LY9,2.83,17.67,2.36,18.03,13.12,29.34,9.02,56.66,51.97,19.13,123.16,16.32,11.82,6.59,13.98,7.75
LY96,50.27,43.62,29.71,43.64,32.72,70.45,47.88,55.17,88.79,61.27,107.3,26.86,9.66,5.3,49.05,18.7
LYN,15.68,13.13,15.06,20.07,13.12,30.06,9.02,33.6,30.23,18.7,20.78,37.39,35.59,6.59,16.04,18.7
MAF,205.44,206.46,243.61,222.94,270.13,224.78,244.39,186.85,173.53,161.73,149.12,137.49,76.65,189.85,88.25,213.46
MAGEA1,1.0,1.0,1.0,1.02,1.09,1.0,1.11,1.0,1.0,1.0,1.44,5.27,2.16,6.59,2.06,18.7
MAGEA12,1.0,1.0,1.0,1.02,1.09,1.0,1.11,1.0,1.0,1.0,1.44,5.27,5.33,6.59,2.06,18.7
MAGEA3,1.0,3.4,1.0,1.02,2.23,1.0,1.11,1.0,1.0,1.0,1.44,5.27,2.16,6.59,2.06,18.7
MAGEA4,1.0,1.0,1.0,1.02,1.09,1.0,1.11,1.0,1.0,1.0,1.44,5.27,2.16,6.59,2.06,18.7
MAGEB2,1.0,1.0,1.0,2.66,1.09,1.0,1.11,1.0,1.0,1.0,1.44,5.27,2.16,6.59,2.06,18.7
MAGEC1,1.0,1.0,1.0,1.02,1.09,1.0,1.11,1.0,1.0,1.0,1.44,5.27,2.16,5.3,2.06,18.7
MAGEC2,1.85,1.0,1.0,1.02,4.41,1.0,1.11,1.0,1.0,1.0,1.44,5.27,2.16,6.59,2.06,18.7
MAP2K1,373.45,375.15,270.96,269.04,454.18,237.76,347.65,155.61,146.47,129.81,149.12,90.07,104.74,44.85,135.7,63.85
MAP2K2,338.86,334.92,323.7,366.38,320.23,330.79,327.66,357.21,315.07,324.77,353.88,695.92,586.64,671.0,515.31,624.89
MAP2K4,54.23,57.89,53.15,34.42,57.77,43.05,46.77,46.99,45.75,57.87,26.55,42.66,111.22,77.8,71.74,26.45
MAP3K1,68.06,69.57,53.15,71.3,76.28,76.94,68.97,109.48,120.74,98.31,133.25,179.63,117.7,51.44,106.82,194.76
MAP3K5,57.19,86.44,114.69,94.87,88.26,109.39,91.18,117.67,85.24,99.16,130.37,300.8,182.53,611.68,170.77,250.86
MAP3K7,93.76,126.66,68.78,110.24,119.84,113.72,105.61,99.81,142.03,93.2,154.88,163.83,143.64,235.99,139.83,213.46
MAP4K2,28.53,26.75,27.76,23.15,24.01,35.83,37.89,46.99,37.32,35.31,74.13,42.66,39.91,90.99,38.74,45.15
MAPK1,89.81,127.96,107.85,72.33,102.42,115.16,107.83,102.04,212.13,135.34,163.54,248.12,126.35,222.81,131.57,194.76
MAPK11,1.0,1.0,1.39,3.68,1.09,1.94,1.25,4.59,3.6,4.66,1.44,69.0,5.33,44.85,36.67,63.85
MAPK14,244.97,290.16,293.42,274.17,338.74,239.2,297.69,228.51,259.61,230.27,241.4,406.17,286.26,183.26,238.86,437.87
MAPK3,42.37,54.65,42.41,48.76,41.43,48.09,36.77,76.01,82.14,55.31,88.55,321.88,312.19,123.94,187.28,288.26
MAPK8,82.89,90.98,75.62,77.45,94.8,71.17,73.41,75.26,76.37,82.98,56.83,121.68,76.65,123.94,88.25,63.85
MAPKAPK2,118.47,131.85,106.87,114.33,119.84,89.92,117.82,110.23,125.17,97.03,159.21,300.8,178.21,38.26,542.13,138.65
MARCO,463.39,344.0,429.19,332.57,529.33,785.12,521.96,235.95,231.21,280.5,437.52,11.05,2.16,6.59,9.85,82.55
MASP1,179.74,175.97,181.1,138.92,225.48,131.75,138.92,92.37,143.36,179.61,107.3,11.05,1.01,104.17,20.17,7.75
MASP2,429.79,549.67,895.08,528.26,813.57,451.22,429.81,354.24,445.06,617.22,273.13,5.27,1.01,6.59,2.06,18.7
MAVS,300.32,318.7,354.96,298.76,336.57,255.79,308.79,249.34,276.47,312.0,169.3,358.75,284.1,354.63,426.6,531.38
MBL2,418.92,275.23,319.79,86.67,441.12,164.92,378.74,107.25,284.01,350.31,242.85,5.27,2.16,6.59,2.06,18.7
MCAM,11.73,4.69,6.27,1.63,5.49,12.04,3.47,24.67,33.78,13.6,27.99,5.78,61.52,130.53,137.76,512.68
MEF2C,37.43,30.64,22.87,28.27,27.28,58.19,39.0,74.52,73.71,74.47,133.25,69.0,22.62,31.67,220.29,138.65
MEFV,2.83,2.1,2.36,1.02,3.32,7.71,1.11,2.36,1.0,1.25,1.44,5.27,16.14,6.59,1.6,18.7
MERTK,123.41,89.03,146.92,76.43,206.97,115.16,112.27,87.91,134.49,82.98,104.41,53.2,16.14,51.44,42.86,119.95
MFGE8,6.79,17.02,23.85,20.07,6.58,31.51,14.57,91.63,61.28,64.68,126.04,216.51,122.03,176.67,1035.21,18.7
MICA,17.66,26.75,40.46,34.42,24.01,32.95,11.24,61.87,44.87,23.39,13.57,32.12,57.2,110.76,32.55,194.76
MICB,12.72,12.48,8.22,13.93,10.94,32.23,20.12,41.78,37.77,32.33,29.43,11.05,9.66,6.59,28.42,82.55
MIF,1893.49,375.8,1202.74,1838.68,1037.92,1031.76,1987.51,1048.32,599.46,715.97,617.77,490.46,1152.81,1349.88,703.05,662.29
MME,107.6,144.18,84.41,60.03,82.82,84.87,104.5,26.16,9.82,27.22,1.0,90.07,2.16,90.99,24.29,18.7
MNX1,1.0,1.0,1.0,1.02,1.09,1.0,1.11,1.0,1.0,1.0,1.44,42.66,29.11,6.59,2.06,18.7
MPPED1,21.61,32.59,50.22,61.06,25.1,43.77,43.44,55.17,29.34,45.52,20.78,5.27,2.16,18.48,2.06,18.7
MR1,10.74,13.13,12.13,3.68,17.47,14.2,3.47,20.21,21.8,17.43,22.22,32.12,16.14,18.48,22.23,18.7
MRC1,186.66,166.24,226.03,108.19,215.68,240.64,188.88,137.75,171.32,131.51,228.43,21.59,1.01,5.3,131.57,138.65
MS4A1,1.0,14.42,2.36,36.47,1.09,27.18,3.47,177.18,44.87,8.06,162.09,5.27,1.01,6.59,38.74,26.45
MS4A2,1.0,3.4,1.0,1.02,1.09,2.66,1.11,2.36,1.83,4.23,7.8,63.73,16.14,5.3,2.06,7.75
MSR1,64.11,63.73,59.99,37.49,57.77,60.35,60.09,64.85,159.34,100.43,55.39,11.05,11.82,31.67,51.11,82.55
MST1R,9.75,1.0,4.32,8.8,3.32,3.38,1.11,3.1,4.49,3.38,9.24,26.86,9.66,18.48,1.6,18.7
MUC1,1.85,1.0,1.0,3.68,1.09,1.0,1.11,1.0,9.82,2.1,1.44,1528.3,2901.03,6.59,3.66,18.7
MX1,180.73,189.6,110.78,174.78,92.62,122.37,168.9,134.78,208.58,263.47,260.15,411.44,277.62,150.31,257.42,269.56
MYD88,334.91,304.43,340.31,335.64,338.74,338.72,399.83,275.38,254.73,354.57,228.43,306.07,383.5,183.26,137.76,306.96
NCAM1,19.64,21.56,15.06,17.0,10.94,22.85,25.67,32.11,46.2,14.87,20.78,90.07,9.66,90.99,818.58,18.7
NCF4,14.69,20.26,30.69,9.83,24.01,32.23,21.23,41.78,40.87,29.77,69.81,69.0,33.43,6.59,26.36,7.75
NCR1,1.0,5.99,9.2,6.76,6.58,9.15,1.0,13.51,3.16,7.64,6.36,1.0,3.17,6.59,2.06,18.7
NEFL,1.0,1.0,1.0,3.68,1.09,1.0,1.11,1.0,1.0,1.0,1.0,5.27,2.16,5.3,2.06,18.7
NFATC1,1.0,2.75,2.36,2.66,1.09,14.92,2.36,20.95,11.15,8.91,17.89,5.78,13.98,5.3,32.55,82.55
NFATC2,89.81,124.07,104.92,124.58,116.58,127.42,87.85,209.17,132.27,82.56,250.06,279.73,93.93,104.17,115.07,325.67
NFATC3,110.56,100.06,139.1,127.65,118.76,105.79,92.29,135.52,108.76,115.76,107.3,42.66,37.75,38.26,80.0,213.46
NFATC4,3.82,3.4,5.29,5.73,6.58,4.82,1.0,14.26,16.92,8.91,13.57,5.27,37.75,137.12,32.55,232.16
NFKB1,29.52,37.78,24.83,28.27,22.92,43.77,22.34,29.88,41.76,33.18,35.2,11.05,24.78,11.89,24.29,7.75
NFKB2,79.92,100.71,72.69,93.84,62.12,116.6,56.76,183.13,176.64,108.95,185.17,169.1,182.53,203.03,125.39,176.06
NFKBIA,821.16,827.99,893.12,875.59,685.06,738.97,791.75,773.81,635.4,596.78,678.33,680.11,515.32,776.46,517.37,1167.22
NLRC5,32.48,35.19,28.74,55.93,26.19,71.89,41.22,164.53,63.5,49.78,114.51,179.63,70.16,5.3,129.51,63.85
NLRP3,7.78,6.64,7.25,8.8,14.21,9.87,1.11,13.51,18.69,11.04,19.34,5.27,2.16,6.59,3.66,7.75
NOD1,22.6,23.51,22.87,15.98,28.36,32.95,11.24,47.74,40.87,24.24,66.92,26.86,44.23,11.89,131.57,138.65
NOD2,1.0,1.45,1.0,4.71,1.09,1.0,1.11,14.26,6.71,1.0,1.44,1.0,37.75,6.59,16.04,18.7
NOS2A,1.0,1.0,1.0,1.02,1.09,1.0,1.11,1.0,1.0,1.68,1.44,5.27,2.16,6.59,2.06,18.7
NOTCH1,97.71,92.93,119.57,92.82,77.37,74.78,113.38,117.67,106.09,74.47,128.93,116.42,124.19,84.39,172.84,157.36
NRP1,302.3,327.14,375.47,347.94,367.06,342.33,327.66,430.86,500.52,377.98,482.22,416.7,240.88,203.03,1654.14,755.79
NT5E,117.48,151.32,155.71,201.42,184.1,115.88,111.16,75.26,79.92,124.7,101.53,100.61,52.88,71.21,30.48,194.76
NUP107,60.16,70.22,61.94,52.86,56.68,66.12,47.88,62.61,71.04,57.87,78.46,47.93,85.29,44.85,63.49,101.25
OAS3,45.33,63.08,37.53,60.03,37.08,74.06,47.88,63.36,87.02,123.85,88.55,158.56,119.87,18.48,123.32,63.85
OSM,1.0,1.0,1.0,1.02,1.14,1.0,1.11,1.0,1.0,1.0,1.44,5.27,7.5,6.59,3.66,18.7
PASD1,1.0,1.0,1.0,2.66,1.09,1.0,1.0,1.0,1.0,1.0,1.44,5.27,2.16,6.59,2.06,18.7
PAX5,1.0,1.0,6.27,9.83,1.14,9.15,2.36,21.7,9.82,2.95,20.78,5.27,20.46,11.89,11.91,26.45
PBK,1.0,1.0,1.0,1.02,1.09,1.0,1.11,1.0,3.16,5.08,1.44,5.27,20.46,6.59,1.6,18.7
PDCD1,1.0,1.0,1.0,1.02,1.09,1.0,1.11,4.59,2.72,1.0,1.44,5.27,2.16,6.59,11.91,18.7
PDCD1LG2,4.81,1.45,3.34,4.71,1.09,8.43,1.25,8.31,7.15,8.91,7.8,5.27,2.16,6.59,16.04,7.75
PDGFC,81.9,61.79,79.52,47.74,69.75,77.66,68.97,64.1,110.09,83.83,64.04,26.86,42.07,64.62,53.18,82.55
PDGFRB,43.36,51.41,35.57,37.49,35.99,54.58,47.88,108.74,204.15,77.87,216.89,58.47,85.29,130.53,271.86,886.7
PECAM1,105.62,118.23,91.24,91.79,104.6,147.61,101.17,202.47,235.2,173.23,355.32,421.97,189.02,5.3,533.88,1148.52
PIK3CD,19.64,42.32,36.55,33.39,26.19,58.19,37.89,118.41,64.83,36.58,88.55,5.27,50.71,5.3,55.24,82.55
PIK3CG,10.74,15.07,11.15,26.22,9.85,40.16,14.57,71.54,35.55,19.13,72.69,21.59,22.62,5.3,22.23,7.75
PIN1,64.11,86.44,72.69,71.3,82.82,83.43,81.19,69.31,72.38,102.56,68.36,90.07,70.16,295.31,125.39,194.76
PLA2G1B,1.0,1.0,1.0,1.02,2.23,1.0,1.11,1.0,1.0,1.68,1.44,5.27,418.08,6.59,2.06,18.7
PLA2G6,40.39,87.09,53.15,65.16,50.15,56.75,52.32,68.57,80.36,51.48,79.9,132.22,78.81,97.58,42.86,157.36
PLAU,2.83,7.29,13.11,2.66,6.58,12.04,2.36,10.54,38.21,15.72,42.41,53.2,83.13,38.26,96.5,176.06
PLAUR,2.83,9.88,6.27,8.8,1.0,7.71,1.11,20.95,23.13,12.32,20.78,69.0,93.93,18.48,16.04,82.55
PMCH,1.0,1.0,1.0,1.02,1.0,2.66,1.11,1.0,1.0,1.0,1.44,1.0,2.16,5.3,2.06,18.7
PNMA1,14.69,13.13,12.13,14.95,18.56,17.08,9.02,37.32,43.09,17.0,59.71,58.47,100.42,222.81,96.5,138.65
POU2AF1,1.0,2.75,1.0,1.0,1.09,12.04,5.69,46.99,11.59,10.62,65.48,111.15,68.0,6.59,11.91,26.45
POU2F2,5.8,15.72,10.18,17.0,9.85,11.31,16.79,36.58,22.24,10.19,49.62,11.05,16.14,11.89,18.1,45.15
PPARG,29.52,23.51,33.62,30.32,25.1,25.02,21.23,16.49,36.44,19.98,16.45,121.68,68.0,58.03,44.92,269.56
PPBP,7.78,2.1,1.0,1.02,6.58,12.76,1.11,3.84,1.0,1.0,3.48,5.27,31.27,6.59,11.91,18.7
PRAME,1.0,1.0,1.0,1.02,1.09,1.0,1.11,1.0,1.0,1.0,1.44,5.27,2.16,6.59,1.6,18.7
PRF1,28.53,50.76,45.34,37.49,24.01,45.93,15.68,81.21,39.99,31.47,52.5,63.73,65.84,5.3,55.24,26.45
PRG2,34.46,24.16,58.04,19.05,27.28,27.9,23.45,23.19,30.67,29.77,13.57,5.27,1.01,6.59,9.85,45.15
PRKCD,49.29,55.95,45.34,42.61,38.17,89.2,58.98,117.67,104.32,69.36,117.39,501.0,234.4,262.35,106.82,194.76
PRKCE,14.69,11.18,13.11,14.95,8.76,25.02,7.91,12.77,24.9,33.18,36.64,26.86,13.98,18.48,18.1,7.75
PRM1,1.0,1.0,1.0,1.02,1.09,1.0,1.11,1.0,1.0,1.0,1.44,5.27,2.16,6.59,2.06,18.7
PSEN1,62.13,70.87,68.78,53.89,81.73,86.32,55.65,73.77,142.03,98.73,118.83,116.42,98.26,110.76,59.37,82.55
PSEN2,19.64,30.64,28.74,18.03,19.65,24.3,20.12,38.06,34.22,34.03,20.78,26.86,33.43,90.99,49.05,7.75
PSMB10,89.81,103.31,125.43,108.19,101.33,130.31,84.52,160.81,102.55,113.63,147.67,300.8,169.57,71.21,113.01,45.15
PSMB7,370.49,404.34,333.47,320.27,371.42,366.85,374.29,259.01,413.56,345.63,388.49,227.05,223.59,176.67,265.68,194.76
PSMB8,375.43,332.33,312.96,368.43,330.03,424.54,357.64,366.88,414.45,442.26,345.23,516.8,342.45,51.44,236.79,400.47
PSMB9,174.8,225.93,208.45,276.22,151.43,428.15,188.88,439.04,279.13,236.65,277.45,300.8,139.31,11.89,181.09,176.06
PSMD7,293.4,323.24,239.7,249.58,281.02,299.78,259.94,194.29,285.34,255.81,273.13,421.97,400.79,506.22,579.27,157.36
PTGDR2,1.0,1.0,1.0,1.02,1.0,1.0,1.0,1.0,1.83,1.25,1.44,21.59,24.78,6.59,9.85,18.7
PTGS2,1.85,1.0,1.0,5.73,4.41,5.55,1.0,3.84,5.82,6.78,17.89,5.78,63.68,104.17,5.73,45.15
PTPRC,50.27,82.55,74.64,103.06,54.5,148.33,85.63,293.23,198.38,116.61,384.16,58.47,68.0,31.67,96.5,26.45
PVR,106.61,93.58,88.31,89.74,114.4,78.38,92.29,75.26,100.33,117.89,59.71,63.73,85.29,84.39,113.01,101.25
PYCARD,8.76,1.45,5.29,5.73,7.67,12.04,1.11,17.98,11.59,13.17,9.24,42.66,26.94,6.59,11.91,26.45
RAG1,1.0,1.0,1.0,1.02,1.09,1.0,1.11,1.0,2.27,1.68,1.0,5.27,2.16,6.59,2.06,18.7
REL,54.23,58.54,55.11,62.08,51.23,59.63,76.74,58.15,79.03,45.52,92.88,63.73,59.36,71.21,51.11,45.15
RELA,48.3,66.98,76.59,47.74,54.5,52.42,66.75,49.97,48.42,61.27,52.5,47.93,87.45,123.94,44.92,157.36
RELB,5.8,20.26,12.13,20.07,17.47,37.28,10.13,35.09,56.85,32.33,49.62,5.78,31.27,25.08,42.86,7.75
REPS1,261.77,278.48,294.4,210.64,313.7,321.41,227.74,177.18,169.1,131.08,149.12,153.29,119.87,163.49,158.39,250.86
RIPK2,23.59,17.02,8.22,10.85,18.56,22.85,17.9,32.11,35.99,33.6,36.64,21.59,48.55,25.08,36.67,18.7
ROPN1,1.0,1.0,1.0,1.0,1.09,1.0,1.11,1.0,1.0,1.0,1.44,5.27,2.16,6.59,2.06,18.7
RORA,267.7,253.82,435.05,283.39,294.09,240.64,278.81,227.77,198.82,168.54,160.65,47.93,70.16,110.76,131.57,232.16
RORC,357.64,467.92,361.79,378.67,374.68,275.26,396.5,233.72,154.01,262.19,136.14,37.39,20.46,123.94,24.29,26.45
RPS6,3282.09,3423.76,3009.65,3389.87,3162.66,3323.6,3369.78,3906.51,3510.43,3609.77,3392.17,6828.12,7149.5,10544.42,4711.64,7469.53
RRAD,1.0,1.0,1.0,1.02,2.23,1.0,1.11,3.1,7.6,2.1,4.92,5.27,61.52,6.59,422.47,18.7
RUNX1,14.69,13.13,12.13,14.95,7.67,24.3,7.91,38.06,35.55,16.58,39.52,58.47,91.77,31.67,44.92,119.95
RUNX3,26.55,47.51,32.64,37.49,18.56,44.49,39.0,122.87,56.4,30.2,79.9,42.66,91.77,18.48,73.81,82.55
S100A12,1.0,1.0,1.0,1.02,1.09,7.71,1.11,1.0,3.16,3.8,1.44,5.27,26.94,6.59,1.6,26.45
S100A7,1.0,1.0,1.0,1.0,1.09,2.66,4.58,1.0,1.0,1.0,1.44,5.27,35.59,5.3,2.06,18.7
S100A8,28.53,30.64,12.13,11.88,13.12,71.89,14.57,12.77,40.87,30.62,45.29,1.0,8325.07,6.59,20.17,381.77
S100B,1.0,1.0,1.0,1.02,1.09,1.0,1.11,3.1,6.27,3.8,7.8,1.0,24.78,6.59,7.79,157.36
SAA1,10711.3,1263.33,856.01,3799.7,1312.36,2505.81,11740.05,801.34,1777.87,1228.5,2369.79,47.93,39.91,6.59,38.74,82.55
SBNO2,49.29,77.36,69.76,67.2,69.75,84.87,76.74,102.04,98.55,80.85,100.09,163.83,232.24,203.03,106.82,194.76
SELE,1.0,1.0,1.0,1.02,1.09,1.0,1.0,1.0,1.0,1.0,1.0,5.27,3.17,6.59,1.6,119.95
SELL,8.76,11.18,24.83,19.05,9.85,25.74,3.47,68.57,40.43,26.79,77.02,5.27,26.94,11.89,40.8,18.7
SELPLG,10.74,11.18,18.97,6.76,13.12,30.06,4.58,55.92,39.54,23.39,55.39,21.59,16.14,6.59,20.17,18.7
SEMG1,1.0,1.45,1.0,2.66,2.23,1.94,1.11,1.0,1.0,3.8,3.48,5.78,1.01,31.67,2.06,7.75
SERPINB2,1.0,1.0,1.0,1.02,1.09,3.38,1.11,1.0,1.0,1.0,1.44,5.27,109.06,5.3,2.06,18.7
SERPING1,5631.33,5983.85,7051.28,6113.17,8646.04,6940.95,5455.97,4329.81,6105.95,6512.08,4476.55,158.56,115.54,242.58,364.7,2046.18
SH2B2,1.0,7.29,12.13,1.0,1.14,5.55,4.58,14.26,4.94,8.91,4.92,16.32,20.46,6.59,18.1,18.7
SH2D1A,1.85,6.64,1.0,4.71,1.09,13.48,1.11,15.0,14.25,4.23,23.66,5.27,5.33,6.59,9.85,18.7
SH2D1B,1.0,4.04,8.22,1.63,2.23,5.55,1.11,6.82,2.27,5.08,9.24,1.0,2.16,6.59,9.85,18.7
SIGIRR,54.23,55.3,66.83,56.96,47.97,61.8,61.2,103.53,68.83,41.69,121.72,105.88,91.77,130.53,49.05,82.55
SIGLEC1,168.87,127.96,159.61,109.21,192.81,193.05,185.55,156.35,127.83,178.34,124.6,53.2,22.62,18.48,193.47,288.26
SLAMF1,1.0,2.1,1.0,1.02,1.09,1.94,1.11,17.98,10.7,5.51,7.8,1.0,2.16,6.59,5.73,18.7
SLAMF6,4.81,2.75,4.32,17.0,1.0,25.74,1.11,27.65,16.92,8.06,19.34,5.27,5.33,6.59,11.91,18.7
SLAMF7,15.68,35.83,21.9,53.89,5.49,89.92,13.46,111.71,43.98,48.08,120.28,84.81,20.46,18.48,20.17,7.75
SLC11A1,13.71,4.69,4.32,4.71,3.32,2.66,9.02,11.28,10.26,8.06,10.69,26.86,11.82,5.3,20.17,101.25
SMAD2,46.32,55.3,42.41,39.54,58.86,83.43,47.88,70.05,120.74,97.88,123.16,69.0,46.39,64.62,102.69,26.45
SMAD3,139.22,152.61,195.75,180.93,122.02,146.89,131.15,187.59,158.45,161.31,186.61,232.32,327.32,229.4,242.98,662.29
SMPD3,1.0,1.0,1.0,1.02,1.09,6.27,1.11,1.0,1.0,1.68,1.44,63.73,26.94,6.59,1.6,18.7
SOCS1,1.0,2.1,1.0,1.02,1.0,3.38,1.0,14.26,14.25,10.62,15.01,5.78,3.17,6.59,18.1,18.7
SPA17,1.0,1.0,1.0,1.02,1.09,1.0,1.11,1.61,10.7,9.76,1.44,16.32,31.27,44.85,18.1,18.7
SPACA3,1.0,1.0,1.0,1.02,1.14,1.0,1.11,1.0,2.72,1.0,1.44,5.27,2.16,6.59,2.06,7.75
SPANXB1,1.0,1.0,1.0,1.02,1.0,1.0,1.11,1.0,1.0,1.0,1.44,5.27,2.16,6.59,2.06,18.7
SPINK5,4.81,7.29,1.0,1.0,5.49,3.38,1.0,3.84,1.0,3.38,6.36,1.0,1304.08,18.48,1.6,18.7
SPN,6.79,16.37,20.92,31.34,10.94,19.97,7.91,64.1,38.21,18.28,55.39,47.93,42.07,5.3,42.86,63.85
SPO11,1.0,1.0,1.0,1.02,1.09,1.0,1.11,1.0,1.0,1.0,1.44,5.27,2.16,6.59,2.06,18.7
SPP1,22.6,9.23,15.06,29.3,3.32,25.74,27.89,39.55,107.43,37.43,35.2,32.12,20.46,11.89,22.23,3056.04
SSX1,1.0,1.0,1.0,1.02,1.09,1.0,1.11,1.0,1.0,1.0,1.44,5.27,2.16,6.59,2.06,18.7
SSX4,1.0,1.0,1.0,1.02,1.09,1.0,1.11,1.0,1.0,1.0,1.44,5.27,2.16,6.59,2.06,18.7
ST6GAL1,1515.95,1532.57,1964.57,1496.47,1997.37,1675.03,1514.53,1110.07,1258.33,1639.71,1110.93,84.81,74.49,71.21,197.59,232.16
STAT1,243.98,268.1,280.73,400.19,245.09,608.44,277.7,737.36,531.14,681.49,588.93,300.8,171.73,110.76,309.0,213.46
STAT2,453.51,617.14,505.37,590.76,601.21,508.92,530.84,567.74,535.57,586.14,410.12,379.83,297.07,282.13,275.99,587.48
STAT3,825.12,683.32,707.55,700.39,948.61,886.08,872.8,695.7,752.53,965.85,849.93,759.14,1018.83,1428.97,1326.1,1896.57
STAT4,25.57,33.24,21.9,29.3,27.28,58.19,21.23,49.97,35.99,33.18,58.27,5.27,20.46,5.3,9.85,18.7
STAT5B,108.58,111.09,114.69,117.41,125.29,107.95,87.85,116.18,141.59,105.97,169.3,79.54,74.49,130.53,102.69,119.95
STAT6,421.88,440.67,570.81,657.35,526.06,422.38,416.48,701.65,599.02,514.63,503.85,864.5,811.38,1330.11,432.79,1559.95
SYCP1,1.85,1.0,1.0,1.02,1.0,1.0,1.11,1.0,2.72,1.0,1.44,1.0,2.16,6.59,2.06,18.7
SYK,31.5,26.75,28.74,32.37,19.65,50.26,29.0,81.96,86.13,65.95,87.11,111.15,145.8,31.67,61.43,45.15
SYT17,12.72,13.78,10.18,20.07,10.94,11.31,22.34,1.0,10.7,10.62,1.0,5.27,3.17,6.59,2.06,18.7
TAB1,78.93,107.2,99.06,107.16,76.28,71.89,98.95,86.42,84.35,65.1,66.92,95.34,59.36,117.35,104.75,45.15
TAL1,1.0,5.99,1.0,10.85,6.58,9.15,1.0,9.05,6.27,6.78,2.03,5.27,1.01,6.59,32.55,26.45
TANK,160.97,190.89,124.45,218.84,164.5,155.55,166.68,128.08,169.98,138.75,198.14,142.76,141.48,77.8,123.32,45.15
TAP1,40.39,30.64,19.94,39.54,25.1,62.52,13.46,76.01,60.4,37.43,65.48,126.95,68.0,25.08,49.05,18.7
TAP2,36.44,50.76,34.6,53.89,26.19,87.04,46.77,135.52,55.96,62.97,79.9,137.49,93.93,25.08,84.12,82.55
TAPBP,270.67,328.43,408.68,456.54,296.27,502.42,328.77,587.83,476.57,518.46,512.5,627.43,370.54,255.76,366.77,344.37
TARP,32.48,9.23,30.69,46.71,22.92,54.58,24.56,122.13,54.18,28.07,92.88,11.05,29.11,1475.11,32.55,18.7
TBK1,63.12,75.41,61.94,49.79,66.48,61.8,78.96,69.31,72.38,60.85,62.6,126.95,68.0,150.31,77.93,101.25
TBX21,9.75,13.78,13.11,18.03,14.21,29.34,11.24,23.93,13.81,9.34,27.99,5.78,11.82,6.59,13.98,18.7
TCF7,40.39,51.41,35.57,56.96,43.61,71.17,51.21,206.94,83.47,58.72,221.22,90.07,78.81,31.67,77.93,119.95
TFE3,4.81,9.88,14.08,1.63,19.65,12.04,14.57,12.03,15.58,17.43,17.89,1.0,18.3,5.3,24.29,18.7
TFEB,23.59,23.51,27.76,25.2,17.47,34.39,26.78,44.02,36.88,27.64,13.57,21.59,50.71,31.67,100.63,82.55
TFRC,205.44,107.2,125.43,135.85,350.72,118.05,177.78,101.3,205.03,122.14,255.82,227.05,245.2,156.9,304.87,138.65
TGFB1,79.92,116.28,139.1,200.4,87.17,180.79,130.04,351.26,193.06,156.63,322.16,184.9,193.34,196.44,280.12,550.08
TGFB2,1.0,1.0,2.36,1.02,1.09,1.0,1.11,6.82,20.91,2.1,2.03,5.27,5.33,18.48,9.85,18.7
THBD,37.43,28.05,37.53,19.05,26.19,23.57,25.67,75.26,106.98,32.33,102.97,53.2,169.57,51.44,240.92,587.48
THBS1,41.38,52.05,57.06,54.91,54.5,56.03,56.76,161.56,385.17,106.39,407.23,63.73,353.25,697.36,302.81,194.76
THY1,11.73,17.02,20.92,17.0,6.58,12.04,23.45,28.39,140.7,36.16,218.33,32.12,132.83,25.08,129.51,606.18
TICAM1,42.37,42.32,46.32,39.54,49.06,40.88,51.21,60.38,80.8,76.6,43.85,100.61,91.77,25.08,55.24,63.85
TICAM2,15.68,16.37,26.78,17.0,15.3,38.0,23.45,29.88,30.23,25.51,29.43,5.27,16.14,18.48,32.55,18.7
TIGIT,18.65,25.45,27.76,27.25,33.81,40.88,25.67,76.75,34.66,22.11,87.11,21.59,18.3,18.48,49.05,18.7
TIRAP,29.52,41.02,45.34,45.69,35.99,58.91,51.21,36.58,32.44,43.39,33.76,26.86,39.91,44.85,26.36,18.7
TLR1,72.02,76.71,97.1,62.08,81.73,87.76,101.17,133.29,114.08,97.46,88.55,58.47,33.43,38.26,65.56,101.25
TLR10,1.85,7.94,1.0,3.68,4.41,16.36,1.11,61.13,14.25,5.08,56.83,1.0,2.16,11.89,11.91,7.75
TLR2,53.24,68.92,75.62,47.74,45.79,74.78,52.32,64.85,71.04,42.97,66.92,37.39,52.88,44.85,44.92,7.75
TLR3,20.62,34.54,29.71,34.42,33.81,37.28,29.0,19.47,53.3,43.82,19.34,5.27,24.78,18.48,9.85,18.7
TLR4,151.08,127.96,131.29,127.65,136.18,142.57,161.12,131.06,170.87,139.6,156.33,53.2,48.55,31.67,166.65,381.77
TLR5,1.0,1.0,1.0,1.02,4.41,11.31,1.11,8.31,17.36,4.66,2.03,5.78,9.66,11.89,7.79,45.15
TLR6,13.71,19.61,8.22,29.3,14.21,17.08,1.25,43.27,30.23,23.81,43.85,11.05,11.82,5.3,18.1,26.45
TLR7,18.65,11.83,12.13,14.95,10.94,10.59,21.23,23.93,24.46,17.0,38.08,5.78,3.17,25.08,7.79,18.7
TLR8,8.76,7.29,7.25,2.66,8.76,18.53,21.23,15.0,12.03,25.09,23.66,11.05,3.17,5.3,9.85,45.15
TLR9,9.75,5.34,7.25,14.95,9.85,4.82,2.36,17.23,10.26,6.36,13.57,5.78,9.66,18.48,28.42,7.75
TMEFF2,4.81,1.0,1.0,2.66,1.0,1.0,1.11,1.0,1.0,1.25,1.44,5.27,7.5,18.48,1.6,18.7
TNF,22.6,22.21,26.78,17.0,17.47,40.88,15.68,69.31,41.32,29.35,51.06,47.93,24.78,11.89,18.1,82.55
TNFAIP3,42.37,42.32,44.36,87.7,51.23,78.38,31.22,114.69,112.75,67.23,111.62,163.83,89.61,137.12,69.68,250.86
TNFRSF10B,61.15,71.52,62.92,71.3,90.44,84.87,64.53,84.93,98.55,91.07,69.81,84.81,100.42,90.99,32.55,26.45
TNFRSF10C,6.79,13.13,2.36,11.88,7.67,6.99,9.02,17.23,16.47,12.74,16.45,5.27,70.16,5.3,11.91,7.75
TNFRSF11A,4.81,1.0,1.0,1.02,1.0,6.27,1.11,3.1,8.93,8.91,12.13,26.86,35.59,18.48,2.06,101.25
TNFRSF11B,6.79,12.48,3.34,3.68,7.67,17.8,7.91,20.95,34.22,18.7,39.52,5.27,42.07,6.59,30.48,45.15
TNFRSF12A,1.0,6.64,5.29,2.66,4.41,5.55,2.36,15.0,19.58,18.28,2.03,5.27,29.11,18.48,44.92,18.7
TNFRSF13B,2.83,7.29,3.34,1.02,1.09,6.99,7.91,32.11,4.05,4.23,48.18,21.59,11.82,6.59,18.1,7.75
TNFRSF13C,1.0,1.0,1.0,6.76,1.09,11.31,1.11,37.32,4.94,2.1,26.55,5.27,1.01,11.89,2.06,18.7
TNFRSF14,165.91,196.08,153.75,207.57,202.61,201.7,148.91,218.1,267.15,186.85,234.19,290.27,195.5,130.53,71.74,26.45
TNFRSF17,10.74,12.48,3.34,14.95,2.23,23.57,14.57,25.42,23.57,17.0,55.39,111.15,11.82,18.48,13.98,7.75
TNFRSF18,1.0,2.75,1.0,7.78,5.49,5.55,1.11,4.59,5.38,4.66,10.69,11.05,7.5,6.59,3.66,18.7
TNFRSF1A,277.59,316.76,332.49,285.44,323.5,259.39,314.34,324.48,392.71,380.11,358.21,200.71,325.16,301.9,238.86,924.11
TNFRSF1B,78.93,66.98,105.9,74.38,74.1,89.92,78.96,119.15,110.09,101.71,120.28,116.42,78.81,25.08,110.94,194.76
TNFRSF4,1.0,4.69,5.29,6.76,1.09,4.82,1.11,10.54,4.05,6.36,15.01,5.27,3.17,6.59,53.18,7.75
TNFRSF8,1.0,1.0,1.0,1.02,1.09,1.94,1.11,1.0,1.39,1.25,7.8,26.86,9.66,5.3,13.98,18.7
TNFRSF9,10.74,9.88,6.27,8.8,1.09,9.15,3.47,16.49,8.93,6.36,23.66,1.0,2.16,11.89,13.98,18.7
TNFSF10,645.24,650.88,668.48,672.72,824.46,572.38,655.19,475.5,406.46,494.19,250.06,411.44,195.5,268.94,183.15,306.96
TNFSF11,3.82,4.04,3.34,8.8,1.0,5.55,7.91,7.56,5.38,5.08,1.44,5.27,20.46,6.59,7.79,26.45
TNFSF12,82.89,74.76,86.36,64.13,61.04,96.41,72.3,116.18,136.71,89.79,173.63,126.95,65.84,150.31,240.92,363.07
TNFSF13,18.65,26.1,19.94,20.07,29.45,30.06,30.11,35.09,21.8,26.79,29.43,237.58,122.03,77.8,46.99,138.65
TNFSF13B,5.8,15.07,14.08,17.0,9.85,36.56,10.13,35.83,43.09,36.58,64.04,1.0,22.62,6.59,20.17,18.7
TNFSF14,107.6,118.88,103.94,286.46,186.28,102.9,131.15,137.75,236.54,218.35,131.81,5.27,7.5,5.3,22.23,18.7
TNFSF15,1.0,1.0,1.39,1.0,1.09,1.0,1.11,6.82,7.15,3.8,9.24,53.2,39.91,25.08,2.06,26.45
TNFSF18,1.0,1.0,1.0,1.0,1.09,1.0,1.11,1.0,1.0,1.0,1.44,5.27,2.16,6.59,2.06,18.7
TNFSF4,9.75,15.72,7.25,19.05,13.12,14.92,11.24,13.51,18.69,13.17,16.45,1.0,11.82,31.67,5.73,26.45
TNFSF8,1.0,1.0,1.0,1.0,1.09,2.66,1.11,3.84,2.27,1.0,2.03,5.27,2.16,5.3,2.06,18.7
TOLLIP,306.25,316.11,321.75,248.55,334.39,316.37,306.57,205.45,248.96,372.87,218.33,84.81,184.69,209.63,143.95,45.15
TP53,60.16,75.41,54.13,84.62,81.73,69.73,61.2,66.33,109.2,69.36,121.72,53.2,117.7,176.67,75.87,26.45
TPSAB1,4.81,1.0,6.27,9.83,7.67,1.22,1.11,67.08,45.31,74.04,123.16,585.29,312.19,203.03,30.48,550.08
TPTE,1.0,4.04,1.0,2.66,4.41,1.94,1.11,1.0,1.0,1.68,12.13,11.05,7.5,6.59,3.66,18.7
TRAF2,42.37,52.05,61.94,73.35,30.54,65.4,65.64,87.91,81.69,74.47,74.13,105.88,156.6,123.94,61.43,63.85
TRAF3,61.15,78.01,38.5,77.45,57.77,70.45,72.3,114.69,95.0,61.7,126.04,111.15,91.77,123.94,104.75,82.55
TRAF6,52.25,71.52,67.8,82.57,70.84,70.45,62.31,61.13,57.29,55.31,65.48,74.27,72.32,64.62,106.82,63.85
TREM1,1.85,1.0,1.0,1.02,1.09,1.0,1.11,1.0,1.0,1.0,1.0,5.27,24.78,6.59,2.06,157.36
TREM2,1.0,1.0,1.0,1.02,1.09,1.0,1.11,1.0,6.71,4.66,1.44,5.27,2.16,6.59,2.06,18.7
TTK,1.0,1.0,1.0,1.02,1.09,1.0,1.11,1.0,6.27,1.25,1.44,11.05,35.59,6.59,2.06,18.7
TXK,1.85,9.88,7.25,2.66,13.12,9.15,3.47,13.51,6.71,6.78,13.57,5.78,5.33,6.59,13.98,18.7
TXNIP,531.59,733.92,760.29,615.35,860.4,756.27,585.24,1358.54,1021.4,531.23,1214.75,2971.79,1619.58,2233.08,3387.13,8591.6
TYK2,103.64,108.5,138.13,106.14,112.22,136.08,117.82,134.78,144.69,123.85,149.12,163.83,113.38,97.58,125.39,138.65
UBC,3652.71,3731.93,4039.11,2752.59,3867.27,4887.08,3340.92,4010.66,6079.33,4826.8,6479.48,3725.14,4878.32,2938.33,4928.26,4271.62
ULBP2,1.0,1.0,1.0,1.02,1.09,1.0,1.11,1.0,1.0,1.0,1.44,5.27,18.3,6.59,3.66,18.7
USP9Y,1.0,1.0,1.0,1.02,1.09,1.0,1.11,1.0,1.0,1.0,1.44,1.0,1.01,25.08,34.61,18.7
VCAM1,75.97,74.11,64.87,68.23,64.3,159.15,75.63,177.18,154.01,117.04,281.78,32.12,46.39,6.59,36.67,82.55
VEGFA,503.91,460.79,450.67,648.13,588.14,343.77,506.42,221.82,239.2,234.95,154.88,290.27,245.2,2740.6,422.47,232.16
VEGFC,10.74,22.21,11.15,10.85,9.85,15.64,20.12,46.25,33.33,28.07,79.9,16.32,42.07,51.44,115.07,45.15
XCL2,12.72,12.48,14.08,8.8,2.23,18.53,2.36,39.55,25.35,21.68,23.66,5.27,2.16,11.89,5.73,18.7
XCR1,1.0,4.69,3.34,1.0,6.58,5.55,2.36,10.54,2.72,8.06,3.48,1.0,5.33,18.48,5.73,18.7
YTHDF2,65.1,73.46,55.11,68.23,64.3,74.78,73.41,67.82,88.35,65.53,75.57,26.86,52.88,44.85,46.99,18.7
ZAP70,13.71,19.61,37.53,44.66,26.19,32.23,12.35,126.59,53.3,21.26,115.95,32.12,26.94,5.3,20.17,45.15
ZNF205,22.6,12.48,20.92,25.2,20.74,17.08,19.01,11.28,14.7,16.58,3.48,37.39,31.27,18.48,26.36,26.45
ABCF1,82.89,92.93,84.41,71.3,102.42,98.57,97.84,97.58,110.53,97.46,136.14,74.27,122.03,130.53,90.31,138.65
AGK,21.61,35.83,33.62,34.42,29.45,39.44,16.79,33.6,56.85,34.03,35.2,16.32,29.11,51.44,44.92,7.75
ALAS1,774.71,452.35,468.25,726.0,446.56,500.98,742.9,698.68,457.04,489.94,956.63,184.9,178.21,90.99,319.32,7.75
AMMECR1L,73.01,65.68,75.62,70.28,74.1,63.24,112.27,84.93,85.69,105.54,111.62,142.76,96.1,51.44,77.93,82.55
CC2D1B,22.6,11.83,9.2,12.9,13.12,17.8,10.13,11.28,8.93,11.47,3.48,37.39,20.46,38.26,9.85,45.15
CNOT10,46.32,44.27,37.53,46.71,34.9,49.54,32.33,41.78,40.43,37.43,45.29,37.39,52.88,38.26,28.42,26.45
CNOT4,67.08,68.92,88.31,74.38,92.62,60.35,86.74,69.31,77.26,64.68,71.25,90.07,98.26,84.39,115.07,176.06
COG7,31.5,50.76,80.5,46.71,39.25,48.09,41.22,58.15,59.95,43.82,55.39,111.15,76.65,229.4,77.93,138.65
DDX50,50.27,43.62,56.08,46.71,50.15,52.42,44.55,74.52,63.5,44.67,68.36,95.34,63.68,143.71,100.63,63.85
DHX16,53.24,59.84,55.11,51.84,76.28,60.35,57.87,59.64,61.28,59.14,35.2,47.93,46.39,31.67,59.37,63.85
DNAJC14,31.5,31.94,44.36,27.25,51.23,37.28,33.44,20.21,24.46,33.18,22.22,32.12,52.88,77.8,40.8,26.45
EDC3,85.85,89.68,98.08,94.87,74.1,78.38,91.18,92.37,93.67,78.3,74.13,179.63,122.03,229.4,129.51,63.85
EIF2B4,91.78,94.22,86.36,94.87,108.95,71.89,93.4,87.91,117.63,94.05,105.86,121.68,109.06,150.31,123.32,138.65
ERCC3,40.39,48.16,40.46,40.57,53.41,35.83,40.11,44.02,39.1,37.86,53.94,58.47,91.77,117.35,63.49,26.45
FCF1,571.12,542.53,473.14,502.64,482.5,516.85,511.97,484.42,419.33,434.17,320.71,437.78,409.44,400.77,482.3,587.48
G6PD,24.58,31.29,29.71,50.81,32.72,37.28,17.9,52.94,45.75,25.51,71.25,158.56,232.24,222.81,49.05,176.06
GPATCH3,2.83,7.94,5.29,11.88,14.21,12.04,5.69,18.72,4.94,12.32,9.24,1.0,9.66,11.89,9.85,7.75
GUSB,136.26,164.94,172.31,188.1,213.5,156.27,141.14,134.03,125.17,128.53,82.78,74.27,59.36,71.21,42.86,26.45
HDAC3,116.49,140.29,117.62,115.36,103.51,115.88,126.71,59.64,108.76,132.36,82.78,100.61,102.58,110.76,77.93,176.06
HPRT1,108.58,136.4,147.89,133.8,187.37,113.0,133.37,139.98,96.78,87.24,72.69,163.83,124.19,150.31,96.5,7.75
MRPS5,162.94,192.19,208.45,177.86,235.28,208.91,183.33,176.44,198.38,185.57,180.84,237.58,171.73,137.12,251.23,194.76
MTMR14,146.14,146.78,159.61,177.86,188.46,178.62,153.35,174.95,185.07,174.5,134.7,174.37,132.83,123.94,166.65,269.56
NOL7,42.37,55.3,49.25,51.84,58.86,74.06,43.44,43.27,69.27,66.81,75.57,42.66,57.2,31.67,61.43,18.7
NUBP1,7.78,11.83,6.27,9.83,12.03,10.59,1.0,9.05,15.58,9.76,13.57,5.27,2.16,11.89,26.36,7.75
POLR2A,243.98,215.55,273.89,232.16,245.09,198.82,252.17,313.32,259.16,253.26,301.97,385.09,407.27,315.08,342.01,437.87
PPIA,90.79,87.74,90.27,82.57,86.08,100.74,72.3,100.55,102.99,112.35,92.88,105.88,147.96,110.76,73.81,45.15
PRPF38A,89.81,94.22,109.8,110.24,91.53,102.9,82.3,94.6,101.21,94.9,105.86,121.68,130.67,110.76,102.69,18.7
SAP130,53.24,71.52,66.83,63.11,47.97,59.63,54.54,50.71,68.83,53.61,65.48,116.42,85.29,51.44,94.44,82.55
SDHA,302.3,325.84,386.21,236.26,349.63,303.38,289.91,293.98,228.11,255.81,175.07,184.9,163.09,51.44,317.25,18.7
SF3A3,155.04,147.42,129.34,128.68,160.14,133.91,166.68,151.14,142.92,174.08,143.35,221.78,171.73,282.13,197.59,344.37
TBP,38.41,51.41,38.5,46.71,39.25,41.6,34.55,38.81,55.07,33.18,46.73,37.39,29.11,51.44,44.92,45.15
TLK2,50.27,55.3,59.01,55.93,76.28,63.24,47.88,61.13,64.83,45.52,55.39,116.42,115.54,176.67,137.76,306.96
TMUB2,77.95,79.3,82.45,64.13,81.73,97.85,100.06,107.99,111.86,109.37,105.86,116.42,163.09,104.17,106.82,82.55
TRIM39,3.82,11.18,9.2,7.78,5.49,7.71,11.24,9.8,16.92,13.6,10.69,5.27,9.66,5.3,18.1,18.7
TUBB,335.9,433.54,334.45,378.67,283.2,528.39,315.45,300.67,493.87,563.58,356.76,163.83,385.67,268.94,247.11,325.67
USP39,16.67,27.4,14.08,32.37,17.47,25.74,21.23,19.47,35.55,38.71,40.97,16.32,18.3,11.89,20.17,26.45
ZC3H14,203.46,205.81,224.08,151.22,189.54,138.24,177.78,118.41,180.63,197.07,123.16,184.9,124.19,156.9,137.76,232.16
ZKSCAN5,7.78,5.34,4.32,2.66,8.76,9.87,5.69,3.84,8.49,6.78,1.44,26.86,1.01,6.59,13.98,18.7
ZNF143,21.61,40.38,32.64,27.25,27.28,30.79,34.55,41.04,41.32,35.31,40.97,32.12,55.04,11.89,42.86,7.75
ZNF346,14.69,26.1,15.06,19.05,13.12,17.08,13.46,24.67,20.46,22.11,12.13,37.39,29.11,44.85,55.24,7.75
NEG_A,8.87,3.23,1.0,1.0,1.0,1.0,1.0,2.17,1.0,3.94,1.0,1.0,1.0,1.0,2.78,1.0
NEG_B,1.0,1.0,1.0,1.59,1.04,1.0,1.0,1.0,1.0,1.0,3.41,1.0,3.47,1.0,1.78,1.0
NEG_C,1.0,2.23,1.0,1.0,7.04,5.69,2.12,4.17,3.13,1.0,1.0,3.1,5.47,3.8,1.0,1.0
NEG_D,1.0,1.0,1.0,1.59,1.0,1.0,1.0,1.0,1.0,2.94,3.41,1.0,1.0,1.0,1.0,1.0
NEG_E,1.0,3.23,2.42,12.59,4.04,6.69,3.12,7.17,10.13,5.94,10.41,2.1,1.0,2.8,1.0,1.0
NEG_F,1.87,6.23,1.0,1.0,3.04,1.69,1.0,1.0,4.13,2.94,1.0,1.0,1.0,1.0,2.78,1.0
NEG_G,1.0,1.0,1.0,1.0,1.0,1.0,1.12,1.0,1.0,1.0,1.0,1.0,1.0,1.0,1.0,1.0
NEG_H,9.87,3.23,11.42,2.59,2.04,1.0,1.12,1.0,1.0,1.0,1.0,1.1,1.0,1.0,1.0,3.41
POS_A,24360.87,26516.23,22006.42,18041.59,17855.04,19691.69,20746.12,25619.17,19334.12,20818.94,21675.41,16388.1,16182.47,16027.8,16201.78,8990.41
POS_B,7735.87,8931.23,5889.42,5949.59,5752.04,6042.69,6139.12,6886.17,6169.13,5985.94,6978.41,4527.1,4263.47,4591.8,4306.78,2412.41
POS_C,2060.87,2277.23,1944.42,1556.59,1604.04,1644.69,1772.12,2220.17,1667.13,1770.94,1970.41,1481.1,1574.47,1280.8,1395.78,384.41
POS_D,330.87,392.23,454.42,255.59,284.04,325.69,301.12,513.17,307.13,432.94,362.41,366.1,373.47,324.8,391.78,187.41
POS_E,65.87,66.23,64.42,53.59,43.04,59.69,41.12,64.17,41.13,49.94,62.41,46.1,56.47,42.8,47.78,26.41
POS_F,26.87,23.23,20.42,17.59,23.04,19.69,20.12,22.17,17.13,7.94,17.41,11.1,15.47,17.8,8.78,6.41
