gene,importance
ARG1,1.7308517
MME,0.0
MNX1,0.0
MPPED1,0.0
MR1,0.0
MRC1,0.0
MS4A1,0.0
MS4A2,0.0
MSR1,0.0
MST1R,0.0
MUC1,0.0
NLRC5,0.0
MYD88,0.0
NCAM1,0.0
NCF4,0.0
NCR1,0.0
NEFL,0.0
NFATC1,0.0
NFATC2,0.0
NFATC3,0.0
NFATC4,0.0
NFKB1,0.0
NFKB2,0.0
NFKBIA,0.0
MX1,0.0
MAP2K4,0.0
MAP3K1,0.0
MAP3K5,0.0
MAP3K7,0.0
MAP4K2,0.0
MAPK1,0.0
MAPK11,0.0
MAPK14,0.0
MAPK3,0.0
MAPK8,0.0
MAPKAPK2,0.0
MIF,0.0
MASP1,0.0
MASP2,0.0
MAVS,0.0
MBL2,0.0
MCAM,0.0
MEF2C,0.0
MEFV,0.0
MERTK,0.0
MFGE8,0.0
MICA,0.0
MICB,0.0
MARCO,0.0
PMCH,0.0
PNMA1,0.0
POU2AF1,0.0
POU2F2,0.0
PPARG,0.0
PPBP,0.0
PRAME,0.0
PRF1,0.0
PRG2,0.0
PRKCD,0.0
PRKCE,0.0
NLRP3,0.0
PSEN1,0.0
PSEN2,0.0
PSMB10,0.0
PSMB7,0.0
PSMB8,0.0
PSMB9,0.0
PSMD7,0.0
PTGDR2,0.0
PTGS2,0.0
PTPRC,0.0
PVR,0.0
PRM1,0.0
PYCARD,0.0
NOD1,0.0
NOD2,0.0
NOS2A,0.0
NOTCH1,0.0
NRP1,0.0
NT5E,0.0
NUP107,0.0
OAS3,0.0
OSM,0.0
PASD1,0.0
PLAUR,0.0
PBK,0.0
PDCD1,0.0
PDCD1LG2,0.0
PDGFC,0.0
PDGFRB,0.0
PECAM1,0.0
PIK3CD,0.0
PIK3CG,0.0
PIN1,0.0
PLA2G1B,0.0
PLA2G6,0.0
PLAU,0.0
PAX5,0.0
IRF8,0.0
IRGM,0.0
ISG15,0.0
ISG20,0.0
ITCH,0.0
ITGA1,0.0
ITGA2,0.0
ITGA2B,0.0
ITGA4,0.0
ITGA5,0.0
ITGA6,0.0
MAP2K2,0.0
ITGAL,0.0
ITGAM,0.0
ITGAX,0.0
ITGB1,0.0
ITGB2,0.0
ITGB3,0.0
ITGB4,0.0
ITK,0.0
JAK1,0.0
JAK2,0.0
JAK3,0.0
ITGAE,0.0
IL32,0.0
IL34,0.0
IL3RA,0.0
IL4,0.0
IL4R,0.0
IL5,0.0
IL5RA,0.0
IL6,0.0
IL6R,0.0
IL6ST,0.0
IL7,0.0
IRF7,0.0
IL9,0.0
ILF3,0.0
INPP5D,0.0
IRAK1,0.0
IRAK2,0.0
IRAK4,0.0
IRF1,0.0
IRF2,0.0
IRF3,0.0
IRF4,0.0
IRF5,0.0
IL7R,0.0
LILRB1,0.0
LILRB2,0.0
LILRB3,0.0
LRP1,0.0
LRRN3,0.0
LTA,0.0
LTB,0.0
LTBR,0.0
LTF,0.0
LTK,0.0
LY86,0.0
JAM3,0.0
LY96,0.0
LYN,0.0
MAF,0.0
MAGEA1,0.0
MAGEA12,0.0
MAGEA3,0.0
MAGEA4,0.0
MAGEB2,0.0
MAGEC1,0.0
MAGEC2,0.0
MAP2K1,0.0
LY9,0.0
KIR3DL1,0.0
KIR3DL2,0.0
KIR3DL3,0.0
KIT,0.0
KLRB1,0.0
KLRC1,0.0
KLRC2,0.0
KLRD1,0.0
KLRF1,0.0
KLRG1,0.0
KLRK1,0.0
LILRA5,0.0
LAIR2,0.0
LAMP1,0.0
LAMP2,0.0
LAMP3,0.0
LBP,0.0
LCK,0.0
LCN2,0.0
LCP1,0.0
LGALS3,0.0
LIF,0.0
LILRA1,0.0
LILRA4,0.0
LAG3,0.0
TRAF3,0.0
TRAF6,0.0
TREM1,0.0
TREM2,0.0
TTK,0.0
TXK,0.0
TXNIP,0.0
TYK2,0.0
UBC,0.0
ULBP2,0.0
USP9Y,0.0
RAG1,0.0
VEGFA,0.0
VEGFC,0.0
XCL2,0.0
XCR1,0.0
YTHDF2,0.0
ZAP70,0.0
ZNF205,0.0
ABCF1,0.0
AGK,0.0
ALAS1,0.0
AMMECR1L,0.0
VCAM1,0.0
TNFRSF13C,0.0
TNFRSF14,0.0
TNFRSF17,0.0
TNFRSF18,0.0
TNFRSF1A,0.0
TNFRSF1B,0.0
TNFRSF4,0.0
TNFRSF8,0.0
TNFRSF9,0.0
TNFSF10,0.0
TNFSF11,0.0
TRAF2,0.0
TNFSF13,0.0
TNFSF13B,0.0
TNFSF14,0.0
TNFSF15,0.0
TNFSF18,0.0
TNFSF4,0.0
TNFSF8,0.0
TOLLIP,0.0
TP53,0.0
TPSAB1,0.0
TPTE,0.0
TNFSF12,0.0
TBP,0.0
TLK2,0.0
TMUB2,0.0
TRIM39,0.0
TUBB,0.0
USP39,0.0
ZC3H14,0.0
ZNF143,0.0
BAGE,0.0
ZNF346,0.0
NEG_A,0.0
CC2D1B,0.0
NEG_C,0.0
NEG_D,0.0
NEG_E,0.0
NEG_F,0.0
NEG_G,0.0
NEG_H,0.0
POS_A,0.0
POS_B,0.0
POS_C,0.0
POS_D,0.0
POS_E,0.0
NEG_B,0.0
CNOT10,0.0
CNOT4,0.0
COG7,0.0
DDX50,0.0
DHX16,0.0
DNAJC14,0.0
EDC3,0.0
EIF2B4,0.0
ERCC3,0.0
FCF1,0.0
G6PD,0.0
SF3A3,0.0
GUSB,0.0
HDAC3,0.0
HPRT1,0.0
MRPS5,0.0
MTMR14,0.0
AMICA1,0.0
NUBP1,0.0
POLR2A,0.0
PPIA,0.0
PRPF38A,0.0
SAP130,0.0
SDHA,0.0
GPATCH3,0.0
SH2B2,0.0
SH2D1A,0.0
SH2D1B,0.0
SIGIRR,0.0
SIGLEC1,0.0
SLAMF1,0.0
SLAMF6,0.0
SLAMF7,0.0
SLC11A1,0.0
SMAD2,0.0
SMAD3,0.0
TNFRSF13B,0.0
SOCS1,0.0
SPA17,0.0
SPACA3,0.0
SPANXB1,0.0
SPINK5,0.0
SPN,0.0
SPO11,0.0
SPP1,0.0
SSX1,0.0
SSX4,0.0
ST6GAL1,0.0
SMPD3,0.0
ANP32B,0.0
REL,0.0
RELA,0.0
RELB,0.0
REPS1,0.0
RIPK2,0.0
ROPN1,0.0
RORA,0.0
RORC,0.0
RPS6,0.0
RRAD,0.0
SERPING1,0.0
RUNX3,0.0
S100A12,0.0
S100A7,0.0
S100A8,0.0
S100B,0.0
SAA1,0.0
SBNO2,0.0
SELE,0.0
SELL,0.0
SELPLG,0.0
SEMG1,0.0
SERPINB2,0.0
RUNX1,0.0
THY1,0.0
TICAM1,0.0
TICAM2,0.0
TIGIT,0.0
TIRAP,0.0
TLR1,0.0
TLR10,0.0
TLR2,0.0
TLR3,0.0
TLR4,0.0
TLR5,0.0
STAT1,0.0
TLR7,0.0
TLR8,0.0
TLR9,0.0
TMEFF2,0.0
TNF,0.0
TNFAIP3,0.0
TNFRSF10B,0.0
TNFRSF10C,0.0
TNFRSF11A,0.0
TNFRSF11B,0.0
TNFRSF12A,0.0
TLR6,0.0
STAT2,0.0
STAT3,0.0
STAT4,0.0
STAT5B,0.0
STAT6,0.0
SYCP1,0.0
SYK,0.0
SYT17,0.0
TAB1,0.0
TAL1,0.0
TANK,0.0
THBS1,0.0
TAP2,0.0
TAPBP,0.0
TARP,0.0
TBK1,0.0
TBX21,0.0
TCF7,0.0
TFE3,0.0
TFEB,0.0
TFRC,0.0
TGFB1,0.0
TGFB2,0.0
THBD,0.0
TAP1,0.0
CD276,0.0
CD28,0.0
CD33,0.0
CD34,0.0
CD36,0.0
CD37,0.0
CD38,0.0
CD3D,0.0
CD3E,0.0
CD3EAP,0.0
CD3G,0.0
IL3,0.0
CD40,0.0
CD40LG,0.0
CD44,0.0
CD46,0.0
CD47,0.0
CD48,0.0
CD5,0.0
CD53,0.0
CD55,0.0
CD58,0.0
CD59,0.0
CD4,0.0
CCR7,0.0
CCR9,0.0
CCRL2,0.0
CD14,0.0
CD160,0.0
CD163,0.0
CD164,0.0
CD180,0.0
CD19,0.0
CD1A,0.0
CD1B,0.0
CD274,0.0
CD1D,0.0
CD1E,0.0
CD2,0.0
CD200,0.0
CD207,0.0
CD209,0.0
CD22,0.0
CD24,0.0
CD244,0.0
CD247,0.0
CD27,0.0
CD1C,0.0
CEBPB,0.0
CFB,0.0
CFD,0.0
CFI,0.0
CFP,0.0
CHIT1,0.0
CHUK,0.0
CKLF,0.0
CLEC4A,0.0
CLEC4C,0.0
CLEC5A,0.0
CD6,0.0
CLEC7A,0.0
CLU,0.0
CMA1,0.0
CMKLR1,0.0
COL3A1,0.0
COLEC12,0.0
CR1,0.0
CR2,0.0
CREB1,0.0
CREB5,0.0
CREBBP,0.0
CLEC6A,0.0
CD63,0.0
CD68,0.0
CD7,0.0
CD70,0.0
CD74,0.0
CD79A,0.0
CD79B,0.0
CD80,0.0
CD81,0.0
CD83,0.0
CD84,0.0
CEACAM8,0.0
CD8A,0.0
CD8B,0.0
CD9,0.0
CD96,0.0
CD97,0.0
CD99,0.0
CDH1,0.0
CDH5,0.0
CDK1,0.0
CDKN1A,0.0
CEACAM1,0.0
CEACAM6,0.0
CD86,0.0
AXL,0.0
NOL7,0.0
BATF,0.0
BAX,0.0
BCL10,0.0
BCL2,0.0
BCL2L1,0.0
BCL6,0.0
BID,0.0
BIRC5,0.0
BLK,0.0
CCR6,0.0
BMI1,0.0
BST1,0.0
BST2,0.0
BTK,0.0
BTLA,0.0
C1QA,0.0
C1QB,0.0
C1QBP,0.0
C1R,0.0
C1S,0.0
C2,0.0
BLNK,0.0
POS_F,0.0
A2M,0.0
ABCB1,0.0
ABL1,0.0
ADA,0.0
ADORA2A,0.0
AICDA,0.0
AIRE,0.0
AKT3,0.0
ALCAM,0.0
AMBP,0.0
ATM,0.0
ANXA1,0.0
APOE,0.0
APP,0.0
ARG2,0.0
ATF1,0.0
ATF2,0.0
ATG10,0.0
ATG12,0.0
ATG16L1,0.0
ATG5,0.0
ATG7,0.0
ZKSCAN5,0.0
CCL19,0.0
CCL2,0.0
CCL20,0.0
CCL21,0.0
CCL22,0.0
CCL23,0.0
CCL24,0.0
CCL25,0.0
CCL26,0.0
CCL27,0.0
CCL28,0.0
C3,0.0
CCL3L1,0.0
CCL4,0.0
CCL5,0.0
CCL7,0.0
CCL8,0.0
CCND3,0.0
CCR1,0.0
CCR2,0.0
CCR3,0.0
CCR4,0.0
CCR5,0.0
CCL3,0.0
C3AR1,0.0
C4B,0.0
C4BPA,0.0
C5,0.0
C6,0.0
C7,0.0
C8A,0.0
C8B,0.0
C8G,0.0
C9,0.0
CAMP,0.0
CCL18,0.0
CARD9,0.0
CASP1,0.0
CASP10,0.0
CASP3,0.0
CASP8,0.0
CCL1,0.0
CCL11,0.0
CCL13,0.0
CCL14,0.0
CCL15,0.0
CCL16,0.0
CCL17,0.0
CARD11,0.0
IFI27,0.0
IFI35,0.0
IFIH1,0.0
IFIT1,0.0
IFIT2,0.0
IFITM1,0.0
IFITM2,0.0
IFNA1,0.0
IFNA17,0.0
IFNA2,0.0
IFNA7,0.0
CRP,0.0
IFNAR1,0.0
IFNAR2,0.0
IFNB1,0.0
IFNG,0.0
IFNGR1,0.0
IFNL1,0.0
IFNL2,0.0
IGF1R,0.0
IGF2R,0.0
IGLL1,0.0
IKBKB,0.0
IFNA8,0.0
HLA-C,0.0
HLA-DMA,0.0
HLA-DMB,0.0
HLA-DOB,0.0
HLA-DPA1,0.0
HLA-DPB1,0.0
HLA-DQA1,0.0
HLA-DQB1,0.0
HLA-DRA,0.0
HLA-DRB3,0.0
HLA-DRB4,0.0
IFI16,0.0
HLA-G,0.0
HMGB1,0.0
HRAS,0.0
HSD11B1,0.0
ICAM1,0.0
ICAM2,0.0
ICAM3,0.0
ICAM4,0.0
ICOS,0.0
ICOSLG,0.0
IDO1,0.0
HLA-E,0.0
IL1B,0.0
IL1R1,0.0
IL1R2,0.0
IL1RAP,0.0
IL1RAPL2,0.0
IL1RL1,0.0
IL1RL2,0.0
IL1RN,0.0
IL2,0.0
IL21,0.0
IL21R,0.0
IKBKE,0.0
IL22RA1,0.0
IL22RA2,0.0
IL23A,0.0
IL23R,0.0
IL24,0.0
IL25,0.0
IL26,0.0
IL27,0.0
IL2RA,0.0
IL2RB,0.0
IL2RG,0.0
IL22,0.0
IKBKG,0.0
IL10,0.0
IL10RA,0.0
IL11,0.0
IL11RA,0.0
IL12A,0.0
IL12B,0.0
IL12RB1,0.0
IL12RB2,0.0
IL13,0.0
IL13RA1,0.0
IL1A,0.0
IL15,0.0
IL15RA,0.0
IL16,0.0
IL17A,0.0
IL17B,0.0
IL17F,0.0
IL17RA,0.0
IL17RB,0.0
IL18,0.0
IL18R1,0.0
IL18RAP,0.0
IL19,0.0
IL13RA2,0.0
CXCL2,0.0
CXCL3,0.0
CXCL5,0.0
CXCL6,0.0
CXCL9,0.0
CXCR1,0.0
CXCR2,0.0
CXCR3,0.0
CXCR4,0.0
CXCR5,0.0
CXCR6,0.0
HLA-B,0.0
CYFIP2,0.0
CYLD,0.0
DDX43,0.0
DDX58,0.0
DEFB1,0.0
DMBT1,0.0
DOCK9,0.0
DPP4,0.0
DUSP4,0.0
DUSP6,0.0
EBI3,0.0
CYBB,0.0
CSF1,0.0
CSF1R,0.0
CSF2,0.0
CSF2RB,0.0
CSF3,0.0
CSF3R,0.0
CT45A1,0.0
CTAG1B,0.0
CTAGE1,0.0
CTCFL,0.0
CTLA4,0.0
CXCL16,0.0
CTSH,0.0
CTSL,0.0
CTSS,0.0
CTSW,0.0
CX3CL1,0.0
CX3CR1,0.0
CXCL1,0.0
CXCL10,0.0
CXCL11,0.0
CXCL12,0.0
CXCL13,0.0
CXCL14,0.0
CTSG,0.0
FLT3LG,0.0
FN1,0.0
FOS,0.0
FOXJ1,0.0
FOXP3,0.0
FPR2,0.0
FUT5,0.0
FUT7,0.0
FYN,0.0
GAGE1,0.0
GATA3,0.0
ECSIT,0.0
GPI,0.0
GTF3C1,0.0
GZMA,0.0
GZMB,0.0
GZMH,0.0
GZMK,0.0
GZMM,0.0
HAMP,0.0
HAVCR2,0.0
HCK,0.0
HLA-A,0.0
GNLY,0.0
EGR1,0.0
EGR2,0.0
ELANE,0.0
ELK1,0.0
ENG,0.0
ENTPD1,0.0
EOMES,0.0
EP300,0.0
EPCAM,0.0
ETS1,0.0
EWSR1,0.0
FLT3,0.0
F13A1,0.0
F2RL1,0.0
FADD,0.0
FAS,0.0
FCER1A,0.0
FCER1G,0.0
FCER2,0.0
FCGR1A,0.0
FCGR2A,0.0
FCGR2B,0.0
FCGR3A,0.0
FEZ1,0.0
F12,0.0
